,date,daylight_duration,sunshine_duration,rain_sum,showers_sum,snowfall_sum,precipitation_hours,shortwave_radiation_sum,et0_fao_evapotranspiration,temperature_2m_mean,dew_point_2m_mean,cloud_cover_mean,leaf_wetness_probability_mean,precipitation_sum,relative_humidity_2m_mean,pressure_msl_mean,surface_pressure_mean,wind_gusts_10m_mean,wind_speed_10m_mean,apparent_temperature_mean,date_anomaly_score,date_anomaly_flag,daylight_duration_anomaly_score,daylight_duration_anomaly_flag,sunshine_duration_anomaly_score,sunshine_duration_anomaly_flag,rain_sum_anomaly_score,rain_sum_anomaly_flag,showers_sum_anomaly_score,showers_sum_anomaly_flag,snowfall_sum_anomaly_score,snowfall_sum_anomaly_flag,precipitation_hours_anomaly_score,precipitation_hours_anomaly_flag,shortwave_radiation_sum_anomaly_score,shortwave_radiation_sum_anomaly_flag,et0_fao_evapotranspiration_anomaly_score,et0_fao_evapotranspiration_anomaly_flag,temperature_2m_mean_anomaly_score,temperature_2m_mean_anomaly_flag,dew_point_2m_mean_anomaly_score,dew_point_2m_mean_anomaly_flag,cloud_cover_mean_anomaly_score,cloud_cover_mean_anomaly_flag,leaf_wetness_probability_mean_anomaly_score,leaf_wetness_probability_mean_anomaly_flag,precipitation_sum_anomaly_score,precipitation_sum_anomaly_flag,relative_humidity_2m_mean_anomaly_score,relative_humidity_2m_mean_anomaly_flag,pressure_msl_mean_anomaly_score,pressure_msl_mean_anomaly_flag,surface_pressure_mean_anomaly_score,surface_pressure_mean_anomaly_flag,wind_gusts_10m_mean_anomaly_score,wind_gusts_10m_mean_anomaly_flag,wind_speed_10m_mean_anomaly_score,wind_speed_10m_mean_anomaly_flag,apparent_temperature_mean_anomaly_score,apparent_temperature_mean_anomaly_flag
0,2020-11-01,31128.38,23479.936,0.0,0.0,0.0,0.0,3.82,0.45547774,-4.912778,-11.09368,16.798613,0.0,0.0,66.42495,1013.0472,1003.679,13.6275,6.56982,-9.058446,-0.0667744851486134,-1,0.042323246160080485,1,0.18500200411149298,1,0.24017385355456333,1,0.0,1,0.29695101169835014,1,0.04672630959675239,1,0.11004886163945027,1,0.15218393414204467,1,0.20339810674199416,1,0.18426554517898458,1,-0.0723701265287523,-1,0.17192137499684745,1,0.12865781305324342,1,0.19735365872468075,1,0.252951104814738,1,0.2443238667704235,1,0.2557058607279645,1,0.2517551651360652,1,0.19801521752778123,1
1,2020-11-08,28939.594,12360.19,0.40000004,0.0,1.8499998,3.857143,2.1657143,0.50938517,-7.4367857,-17.520712,57.589287,3.4547617,3.042857,49.167217,1011.6929,1002.24866,19.442142,9.072158,-12.327164,-0.024588991842128927,-1,0.011699237572276866,1,0.16901169401124544,1,0.15517165429466862,1,0.0,1,0.0743776117612941,1,0.11615756890788359,1,0.11664012858218265,1,0.14664741719142266,1,0.21794581552679892,1,0.12151676539545742,1,0.10837179431500576,1,0.12536608977106872,1,0.14954543089265465,1,-0.03419528492284152,-1,0.272844076304601,1,0.24977468173140244,1,0.2081291814544729,1,0.18399414296693595,1,0.20440193680868574,1
2,2020-11-15,26699.75,12509.401,0.15714286,0.0,0.98,4.714286,1.66,0.20534466,-2.3361905,-5.0558333,71.67857,1.475,1.5571429,82.210815,998.5751,989.42865,13.932857,7.012933,-6.127851,-0.0010662179851825826,-1,0.009395855483137039,1,0.1616918861004652,1,0.1618031857147063,1,0.0,1,0.1570649134251676,1,0.11030368052831568,1,0.14719971442907887,1,0.17774450496762007,1,0.21229497699296002,1,0.20661607980987629,1,0.18513240307069728,1,0.1302139720920889,1,0.18134815372715518,1,0.2408484176004549,1,0.19975588348740453,1,0.1950995612208974,1,0.2561768780013265,1,0.25378499026437334,1,0.2042244241602411,1
3,2020-11-22,24558.441,13951.128,0.0,0.0,0.56,2.0,1.5271428,0.23221298,-9.54512,-14.919226,34.464287,0.9857143,0.8000001,65.593056,1008.70715,999.21497,13.480713,7.4026985,-14.167623,0.014330034942502845,1,0.007419811674109988,1,0.17390233262954025,1,0.24017385355456333,1,0.0,1,0.16398846634578257,1,0.060219771872755734,1,0.15056606240495157,1,0.16819191047606702,1,0.18933573011015503,1,0.1402912807907375,1,0.05292856313780836,1,0.12070126302307588,1,0.16291632704301157,1,0.19700143652397228,1,0.257972598615085,1,0.24823211352821262,1,0.24567248333166192,1,0.2302090565945495,1,0.20002435583017025,1
4,2020-11-29,22626.576,7945.892,0.014285714,0.0,1.6900002,6.571429,0.83,0.14102595,-4.3025594,-7.62131,83.23214,1.9678571,2.4,78.217834,990.6512,981.51117,14.903571,7.274884,-8.382174,0.025954711198974856,1,0.00948240701966141,1,0.14408580722086978,1,0.23329705852779392,1,0.0,1,0.1336605236153161,1,0.09951394332546759,1,0.14983965530755233,1,0.1896234397033898,1,0.19252905372071477,1,0.19989484801056667,1,0.22582778358468641,1,0.1285180620182586,1,0.13948401159093982,1,0.24492051663053327,1,0.11604424441420957,1,0.12359179443097879,1,0.2545230947979307,1,0.23824718840769454,1,0.1843594269622933,1
5,2020-12-06,21045.424,3164.2976,1.3285714,0.0,1.3800001,8.142858,0.51714283,0.15726459,-7.9391665,-11.140059,68.13095,0.4892857,3.2999997,78.625854,993.6131,984.312,19.510714,8.691811,-12.402029,0.034891240694997716,1,0.009784119342589825,1,0.1485924545754599,1,0.15497973409821791,1,0.0,1,0.14825912033816535,1,0.11276562957023029,1,0.16193413515904043,1,0.18916633964911428,1,0.21341636529171498,1,0.18711429075613856,1,0.1945692433090846,1,0.1404376831380058,1,0.14485948181770075,1,0.2468436317704505,1,0.117741130143451,1,0.10920546952978405,1,0.19626615990200874,1,0.20619743876103352,1,0.2073464330809751,1
6,2020-12-13,19859.38,4020.93,0.0,0.0,1.41,6.142857,0.5042857,0.09820247,-7.5826197,-10.35018,81.86904,1.4785713,2.0142858,80.83159,1003.9726,994.5947,17.054998,8.595632,-12.059558,0.041923477179875435,1,0.010382025904617564,1,0.14994001821455988,1,0.24017385355456333,1,0.0,1,0.16835696326148097,1,0.10341572826227496,1,0.16092980152399444,1,0.16375474676368734,1,0.21809053137477513,1,0.19215025931300656,1,0.21715588679674647,1,0.13447448526953054,1,0.17912124667902668,1,0.24826597706880904,1,0.2042585041201258,1,0.2045562404103738,1,0.24728926449681254,1,0.2150321896816929,1,0.21371483109576062,1
7,2020-12-20,19199.246,0.0,0.0,0.0,1.0300001,6.571429,0.33571428,0.056547824,-7.769821,-9.605536,94.27976,0.0,1.4428571,86.731155,991.76843,982.49963,16.65,8.189521,-12.152342,0.045259169566249535,1,-0.0024704066000899028,-1,-0.046162253987396484,-1,0.24017385355456333,1,0.0,1,0.14922574414025647,1,0.09951394332546759,1,0.06824668286076063,1,0.09327964077792017,1,0.21015366228134724,1,0.19536509940759922,1,0.1230627627475418,1,0.17192137499684745,1,0.17077180628061417,1,0.17674891915776347,1,0.12008069210936789,1,0.12729651210799642,1,0.25081953788095424,1,0.24876806388206713,1,0.20298482375499738,1
8,2020-12-27,19173.807,372.457,0.7,0.0,1.53,8.428572,0.36142856,0.20216632,-3.6620831,-7.078453,88.11904,0.9833333,2.8857143,77.75061,998.3066,989.1169,17.314285,8.817639,-7.90269,0.05054795685471192,1,0.003105706224412641,1,-0.0021126288294548434,-1,0.16447056181820835,1,0.0,1,0.13778788679043996,1,0.1051684688952389,1,0.09641965499209204,1,0.17721934121190686,1,0.1785809721348217,1,0.1974259345576242,1,0.21096348356618,1,0.11688189033021879,1,0.1573259874306398,1,0.2446041072441592,1,0.1970322606971775,1,0.2030225364399338,1,0.23077171671046182,1,0.2128974910750348,1,0.1861614744344282,1
9,2021-01-03,19760.816,7153.038,0.071428575,0.0,0.15999998,1.4285715,0.6857143,0.17148654,-9.864761,-14.3867855,40.333336,0.0,0.3,69.688034,996.3214,986.9327,14.7792845,8.340897,-14.516961,0.050463757465021186,1,0.005958604611318363,1,0.13401422392801188,1,0.15685487175979063,1,0.0,1,0.1437700130709758,1,0.09801376049730048,1,0.163146016446991,1,0.18977340135474008,1,0.1887537733086927,1,0.12170035719684558,1,0.09873706914611158,1,0.17192137499684745,1,0.12997131873545087,1,0.21420812301675052,1,0.17806393468213777,1,0.15280559488649015,1,0.2565344857725578,1,0.22511723573252884,1,0.18970851907839842,1
10,2021-01-10,20870.33,3942.3442,0.014285714,0.0,0.77,4.142857,0.65999997,0.15728255,-6.875477,-10.572798,85.28571,0.0,1.1142857,75.47001,985.66125,976.48004,15.672857,8.246885,-11.355359,0.044166663626390434,1,0.009988754589278503,1,0.16013495628704788,1,0.23329705852779392,1,0.0,1,0.1481641269454942,1,0.13349680267878977,1,0.15945410800628051,1,0.18916633964911428,1,0.21045222679652803,1,0.17608206502811602,1,0.20245518039031024,1,0.17192137499684745,1,0.1538781877587485,1,0.2189089000969507,1,-0.007989306433271781,-1,-0.01488225832261747,-1,0.2532529611174341,1,0.2523367071563696,1,0.20825355718447247,1
11,2021-01-17,22440.771,2105.8704,0.014285713,0.0,0.52,4.714286,0.6542857,0.14137223,-4.6713095,-8.132025,86.85119,0.0,0.74285716,76.95561,989.6994,980.5565,12.745714,7.243787,-8.801105,0.04807123400833635,1,0.0042960855109968055,1,0.1283802284264175,1,0.23329705852779392,1,0.0,1,0.14793775785874086,1,0.11030368052831568,1,0.1567454061708653,1,0.19064138930304192,1,0.2148882919515338,1,0.19000297604899363,1,0.2092466017549086,1,0.17192137499684745,1,0.15001590718171032,1,0.2188368027758979,1,0.07647672634951386,1,0.06483631713062088,1,0.22810829331326615,1,0.24819821915083834,1,0.19561959675035168,1
12,2021-01-24,24365.432,3122.7964,0.6285715,0.0,2.48,8.0,0.87714285,0.16976716,-1.0600001,-3.6344047,88.20238,3.0130954,4.157143,83.08681,1008.4453,999.2518,13.772142,7.2452126,-4.723767,0.05202690342294003,1,0.0070220153373957706,1,0.1424964244646693,1,0.1786966986813726,1,0.0,1,0.01020588832515057,1,0.11985126530861984,1,0.1622423224925843,1,0.188219650114552,1,0.221143127030271,1,0.1825302805785488,1,0.20874366059794458,1,0.1343078494705826,1,0.131873247716165,1,0.2375329134122936,1,0.26172066282185946,1,0.2525493449935534,1,0.25302511238868486,1,0.24754467953861264,1,0.22286032284314644,1
13,2021-01-31,26478.203,14346.491,0.0,0.0,0.26000005,1.5714285,2.0628572,0.12085398,-11.884703,-14.797202,42.357143,0.0,0.34285712,79.38484,1008.8702,999.29144,14.524284,7.7340016,-16.532703,0.0543270323730487,1,0.010593339644292543,1,0.18072217964351533,1,0.24017385355456333,1,0.0,1,0.16047554470565317,1,0.06284586682128201,1,0.14047608026536806,1,0.18470208234857804,1,0.15167188397999876,1,0.1285251081716593,1,0.09927896456502239,1,0.17192137499684745,1,0.15308505925688126,1,0.24228715656288857,1,0.26163443232496597,1,0.2520198255864788,1,0.23830885688897002,1,0.22543034494448655,1,0.11585089811992422,1
14,2021-02-07,28753.166,17393.762,0.014285714,0.0,0.44,2.5714285,2.7542858,0.14088203,-14.732619,-17.593035,41.75595,0.0,0.64285713,79.26135,1021.6637,1011.85956,16.277142,8.031448,-19.597706,0.05779906724540651,1,0.015339475432817107,1,0.17949530331046926,1,0.23329705852779392,1,0.0,1,0.1766358769963005,1,0.11702275159828368,1,0.09413932461744401,1,0.18872959769231573,1,0.0884490152253764,1,0.1358883614357801,1,0.09461225383825411,1,0.17192137499684745,1,0.16749452998216596,1,0.24821938190107606,1,0.1791152440629944,1,0.16951838499138805,1,0.2576233889753518,1,0.22253290521668462,1,0.06695500121657605,1
15,2021-02-14,31143.084,15448.714,0.014285714,0.0,0.41000006,3.2857144,3.4414287,0.29531005,-13.180238,-18.581131,47.363094,0.0,0.59999996,64.95622,1022.1446,1012.3916,16.302856,8.896126,-18.18796,0.05652422694179415,1,0.04280558917313215,1,0.17292035859313415,1,0.23329705852779392,1,0.0,1,0.18890497914409415,1,0.10854140963892456,1,0.16052153177620848,1,0.15843718059410694,1,0.14678779527639518,1,0.08442055929722625,1,0.1021617091783652,1,0.17192137499684745,1,0.16191979424073427,1,0.22281047273112092,1,0.18440556544407083,1,0.17764218222362982,1,0.2573616681967454,1,0.19314153546472207,1,0.11927587779805204,1
16,2021-02-21,33545.105,12082.3125,0.0,0.0,1.05,5.142857,3.4214284,0.29321232,-9.803154,-13.58619,72.48214,0.0,1.4857143,74.50666,999.07855,989.6666,17.522142,8.853215,-14.485528,0.0609884216309442,1,0.02986606464635433,1,0.1492843460149974,1,0.24017385355456333,1,0.0,1,0.16203370791850558,1,0.12530449430030416,1,0.15832010427856374,1,0.15678469446532067,1,0.1935884411556979,1,0.12318609424734794,1,0.19432608783388383,1,0.17192137499684745,1,0.17932522582378296,1,0.22351495364661916,1,0.1890193871011998,1,0.2051630247175687,1,0.23056228304180032,1,0.22043213983212828,1,0.18825999915236546,1
17,2021-02-28,35990.863,12660.592,0.0,0.0,1.28,7.857143,3.7257142,0.32345942,-7.45881,-10.316548,82.559525,0.0,1.8142856,80.518456,1006.2833,996.8866,18.602142,8.697999,-11.918427,0.0650431571270178,1,0.030111344518848338,1,0.1579960178199873,1,0.24017385355456333,1,0.0,1,0.1327989591240596,1,0.10017899463345659,1,0.13145338531670636,1,0.13181337343406457,1,0.21769473645234838,1,0.19151861814586524,1,0.22842812357625386,1,0.17192137499684745,1,0.169698291771063,1,0.2514246160548032,1,0.23514991961254178,1,0.21238734614758914,1,0.22208771903083036,1,0.2065170289772763,1,0.20793592990308374,1
18,2021-03-07,38462.965,27604.396,0.0,0.0,0.64,2.5714285,7.16,0.43962002,-11.169524,-14.908809,51.07738,0.0,0.9142857,74.741844,1001.15594,991.6777,12.887143,6.591029,-15.690176,0.07042561978147188,1,0.030585641480499248,1,0.14843533083427907,1,0.24017385355456333,1,0.0,1,0.12852287804290274,1,0.11702275159828368,1,0.14239433936976387,1,0.14071549250988513,1,0.15399508257052352,1,0.14082040414066932,1,0.1166495940916984,1,0.17192137499684745,1,0.15569415092011685,1,0.23157214294979467,1,0.22616024207398905,1,0.19356331992442205,1,0.21650640506398,1,0.25359485681368693,1,0.15011484227284355,1
19,2021-03-14,40905.164,17468.863,0.057142854,0.0,1.3000003,7.571429,7.531429,0.5801824,-9.733512,-15.219523,57.17262,0.0,1.8857142,65.64479,1017.18097,1007.6006,21.544285,10.58604,-14.7778635,0.07385743707191161,1,0.019622015858066333,1,0.17953409842794532,1,0.14778447416488644,1,0.0,1,0.1449434940572748,1,0.10175590521078226,1,0.15177099407636385,1,0.13484113222898392,1,0.19274098155557529,1,0.1336963148329101,1,0.09974453379944004,1,0.17192137499684745,1,0.1627339778263438,1,0.19842669188250955,1,0.19539964613092708,1,0.2077441706250086,1,0.06897037092473424,1,0.11846995684997486,1,0.18169502917407993,1
20,2021-03-21,43370.133,29151.535,0.0,0.0,0.32000002,4.142857,10.518571,0.6507553,-10.898096,-15.316846,49.089287,0.0,0.4571429,71.14996,1006.0708,996.5558,15.1285715,7.1660953,-15.52165,0.07348231504791047,1,0.021249836090802887,1,0.15676819106815698,1,0.24017385355456333,1,0.0,1,0.1612792330253645,1,0.13349680267878977,1,0.11330065355159558,1,0.1132463351004972,1,0.1413822334935425,1,0.13368154607113214,1,0.11503160603389473,1,0.17192137499684745,1,0.15184852339846666,1,0.20343740737358473,1,0.23584675927010706,1,0.22894680221736585,1,0.25898243050659786,1,0.26060943519871976,1,0.16463877686040906,1
21,2021-03-28,45840.023,30344.309,0.014285713,0.0,1.09,3.5714285,11.265715,0.9211754,-5.8370833,-10.83381,65.78571,0.0,1.5428572,69.507515,1014.0762,1004.6655,14.361429,6.724887,-10.078599,0.07376030544002454,1,0.031079054321533572,1,0.1646289543664216,1,0.23329705852779392,1,0.0,1,0.14641578507992703,1,0.1066201388903254,1,0.1317399323099458,1,0.12616669197369906,1,0.18030529246169819,1,0.17898467805273194,1,0.17376810737205667,1,0.17192137499684745,1,0.18262986867011471,1,0.22794864240873197,1,0.2484338868956566,1,0.2420185474522603,1,0.23310329429650256,1,0.2529010511128314,1,0.17118408519040507,1
22,2021-04-04,48280.688,23820.36,0.15714286,0.0,0.71000004,4.857143,10.248571,1.0310535,-2.6980953,-7.1400595,71.64881,0.0,1.1714287,72.961685,1009.81903,1000.55597,20.175,9.114339,-6.9637337,0.07661444351954705,1,0.020187372483177812,1,0.177711712940108,1,0.1618031857147063,1,0.0,1,0.12761391139111633,1,0.12278783872498616,1,0.11989878845729518,1,0.16072388180428082,1,0.20216140492255757,1,0.19005034217681904,1,0.18740055983775666,1,0.17192137499684745,1,0.14881946336063667,1,0.22980100278473475,1,0.2593384012818056,1,0.25153241407093024,1,0.15360108042272191,1,0.19041807525749088,1,0.18611849789145585,1
23,2021-04-11,50747.066,36215.29,0.11428572,0.0,0.31,3.0,15.697144,1.1510155,-8.765357,-15.521904,43.351192,0.0,0.55714285,60.240093,1017.9279,1008.3755,28.497854,12.968087,-14.175733,0.0742933549482725,1,0.024876314480037243,1,0.13384403669891742,1,0.16617185496987352,1,0.0,1,0.16155485950811865,1,0.10768934646162126,1,0.1373350217670894,1,0.13114418499254799,1,0.1885038188312933,1,0.12232714707503378,1,0.11700697147905248,1,0.17192137499684745,1,0.152755391126555,1,0.14173602111979533,1,0.2073419120443355,1,0.20836182488429822,1,-0.11792590530666314,-1,-0.040661505408495224,-1,0.201268513245978,1
24,2021-04-18,53206.348,30809.168,0.57142866,0.0,0.22000001,5.285714,14.7699995,1.820627,2.6316667,-3.2507737,68.36309,12.1164465,0.88571435,67.26524,1020.3536,1011.17444,14.275714,6.6690164,-0.8631152,0.07300204536394328,1,0.027195342877753825,1,0.14694779946638037,1,0.16447514402329017,1,0.0,1,0.1599660906210013,1,0.13130132062556654,1,0.13961688840189168,1,0.09219192820083721,1,0.18148562938159385,1,0.15063805256510965,1,0.20076268806603947,1,0.045043490610872094,1,0.14768018636798919,1,0.1979853441447728,1,0.15726818399975095,1,0.17502935195762592,1,0.23739966981643607,1,0.2567774903583614,1,0.17285652484897268,1
25,2021-04-25,55629.992,49559.504,0.0,0.0,0.0,0.0,20.478573,2.8045704,7.2474403,-0.826369,18.869047,17.868261,0.0,60.105713,1021.29346,1012.2545,12.126429,5.313493,4.3532233,0.07284924826420291,1,0.024260010702950807,1,0.0321249722507535,1,0.24017385355456333,1,0.0,1,0.29695101169835014,1,0.04672630959675239,1,0.05972436881504006,1,0.1169728630051663,1,0.23715472429647505,1,0.15271440436364814,1,0.012263158592077383,1,0.054610120666778394,1,0.12865781305324342,1,0.14965728777131249,1,0.16715351849659998,1,0.18153135348674831,1,0.22809321434317997,1,0.23550165547299812,1,0.1886522783534511,1
26,2021-05-02,58060.53,45687.562,0.6571428,0.0,0.0,1.7142857,19.115713,2.6187787,6.647738,-1.4055357,63.39881,22.031118,0.6571428,59.45702,1007.3458,998.41174,15.947143,6.4582295,3.4915822,0.07827732540073273,1,0.022092075454648308,1,0.10257507200339033,1,0.18178669523345636,1,0.0,1,0.29695101169835014,1,0.03446720639614498,1,0.11815353646072868,1,0.12843855661554843,1,0.2003532798689926,1,0.18686074720254509,1,0.17894818225232678,1,0.01124251097108464,1,0.16994896418457445,1,0.1359047853610752,1,0.25585991904703426,1,0.2401135740642818,1,0.2655785216633989,1,0.23620680008187128,1,0.1518052859441652,1
27,2021-05-09,60433.945,38838.355,1.1142857,0.0,0.0,1.2857143,16.342857,2.3908381,7.6346426,0.5117262,84.1369,32.253902,1.1142857,63.109344,1012.85004,1003.89984,14.747142,5.327557,4.8610816,0.07729583164967724,1,0.027943402420367636,1,0.13323316534959384,1,0.12886943936809492,1,0.0,1,0.29695101169835014,1,0.057740035542738655,1,0.13613638419672242,1,0.12185569836508059,1,0.21041705418907314,1,0.18325593198449813,1,0.2023001951800466,1,0.049072314878749856,1,0.1538781877587485,1,0.17964166280036808,1,0.2556565689317071,1,0.24547261332725012,1,0.2588906834815931,1,0.22874250959301423,1,0.2215541100414456,1
28,2021-05-16,62705.055,42159.18,1.9428571,0.0,0.0,8.0,16.592857,2.4168704,8.814703,3.1334527,76.0,52.87159,1.9428571,70.410774,1015.3661,1006.43146,14.067857,4.728223,6.5690107,0.07820412020128908,1,0.027721632194867785,1,0.1263663229787978,1,0.15553734613465547,1,0.0,1,0.29695101169835014,1,0.11985126530861984,1,0.11123625164623896,1,0.12963389290236838,1,0.19390825908440107,1,0.17133376942973666,1,0.19051512953408017,1,0.045470225976257383,1,0.1699589133838016,1,0.21745594282870095,1,0.23818958463571677,1,0.24147713748814786,1,0.2532429940106251,1,0.1481998285756747,1,0.17131160021126296,1
29,2021-05-23,64874.973,34001.19,1.3428572,0.0,0.0,8.285714,15.607142,2.5030627,9.252501,2.4027977,77.10714,48.93993,1.3428572,65.09526,1014.8453,1005.92883,16.785,6.5056753,6.613633,0.07601171671444673,1,0.015125596988989631,1,0.14168152131362832,1,0.15108244854806246,1,0.0,1,0.29695101169835014,1,0.11527941880565296,1,0.14064531581741935,1,0.15913340884902072,1,0.18648827711379878,1,0.14314476339718407,1,0.19045241207843355,1,0.05425409138205062,1,0.1647622312378434,1,0.215133761523779,1,0.24282330641471805,1,0.24033968086434454,1,0.2451859564909576,1,0.2562051410147892,1,0.16601033765923712,1
30,2021-05-30,66819.86,38220.566,4.9571433,0.0,0.0,9.0,17.679998,3.195187,12.190001,3.7965474,60.125,46.575413,4.9571433,63.22257,1009.15784,1000.3807,19.555714,7.550304,9.783241,0.06838246593201747,1,0.011009966506874025,1,0.1472235586256641,1,0.07869859279292035,1,0.0,1,0.29695101169835014,1,0.11564203279473351,1,0.10736469111657576,1,0.06644586615379189,1,0.2063179336284215,1,0.16940217529364127,1,0.14152441012801165,1,0.06569128296115412,1,0.09876830056169261,1,0.16776026779975695,1,0.26304949962266233,1,0.2589582831139744,1,0.18200648265760727,1,0.2355906969019657,1,0.18925171001829788,1
31,2021-06-06,68434.29,44129.188,1.2857143,0.0,0.0,3.7142856,19.87143,3.3060086,12.97512,5.8786902,64.42857,45.775967,1.2857143,64.385895,1003.45886,994.7565,16.401426,5.7941566,11.191803,0.06852026703638137,1,0.009704598301742973,1,0.10795001216721856,1,0.15554113699611477,1,0.0,1,0.29695101169835014,1,0.11679795741761817,1,0.044436044966653765,1,0.07387181794155773,1,0.2301377709102861,1,0.16032299095066926,1,0.20111782653236593,1,0.05340548861730565,1,0.15750876462913627,1,0.22376951620671282,1,0.21284272389528625,1,0.2151236866278351,1,0.25930178429203193,1,0.25334558210927544,1,0.19262756859405183,1
32,2021-06-13,69642.04,42957.188,0.51428574,0.0,0.0,3.0,18.935715,3.282719,14.041786,6.925714,78.458336,43.201145,0.51428574,64.51613,1012.01965,1003.2755,16.238571,5.619081,12.533217,0.07103210508456148,1,0.009400065995489482,1,0.13999256479871752,1,0.14959734159183158,1,0.0,1,0.29695101169835014,1,0.10768934646162126,1,0.12585428098670726,1,0.07691554887940022,1,0.21531456656134235,1,0.16416929641592365,1,0.2202426958931677,1,0.034030995932740726,1,0.1435452514631475,1,0.23234549199596544,1,0.25248001096827005,1,0.23762323357263865,1,0.2552232538694851,1,0.2452356496892955,1,0.21000590332942837,1
33,2021-06-20,70293.47,41753.723,2.8142855,0.0,0.0,6.285714,17.981428,3.2918017,15.148036,7.9899993,64.333336,44.910275,2.8142855,65.801315,1015.68097,1006.9382,15.921428,5.483002,13.923495,0.07837607091094889,1,0.012613451632369377,1,0.10778324999049294,1,0.10083816152572311,1,0.0,1,0.29695101169835014,1,0.09422484384319701,1,0.1390346450545391,1,0.08234373366766157,1,0.2150319058940936,1,0.19177979341833395,1,0.19960190697181768,1,0.05358629928252667,1,0.15013113681901985,1,0.19432296624607104,1,0.23876918692764232,1,0.23759876329150542,1,0.2637834740751141,1,0.2326803423729737,1,0.1999916573142746,1
34,2021-06-27,70295.016,26539.824,1.7142857,0.0,0.0,7.571429,12.772858,2.4100633,14.128691,9.011725,86.99404,54.853848,1.7142857,73.13005,1010.4774,1001.7495,14.916428,5.0904074,13.147676,0.07778392623784713,1,0.013589792431539571,1,0.14032407021772492,1,0.14275171528150576,1,0.0,1,0.29695101169835014,1,0.10175590521078226,1,0.13858955656807925,1,0.13123422714660193,1,0.20517440205227455,1,0.19907916287085836,1,0.2041189417248181,1,0.08337198120597289,1,0.1684367470835615,1,0.2322100911784557,1,0.24871674361174262,1,0.2423284339642991,1,0.2584286375794327,1,0.21887482538890635,1,0.1952461329098732,1
35,2021-07-04,69675.49,42024.367,1.1857144,0.0,0.0,3.4285715,18.248571,3.364235,15.183154,7.9572616,67.22619,42.79795,1.1857144,64.72121,1018.9161,1010.1465,16.949999,6.035546,13.866591,0.08035813794658475,1,0.009954225771432568,1,0.134739398456179,1,0.13972911625965118,1,0.0,1,0.29695101169835014,1,0.09636795228338974,1,0.11486870923684656,1,0.043926718101967466,1,0.21551163924501515,1,0.1882205456993094,1,0.1834935838104223,1,0.03689482727619431,1,0.15073352399014817,1,0.22661225099113713,1,0.2033591252661242,1,0.20390440464158144,1,0.2477792749611893,1,0.2308447109246719,1,0.1968391336370926,1
36,2021-07-11,68523.18,32234.809,3.3,0.0,0.0,9.428572,14.407143,2.5035322,12.656667,7.5322614,91.625,59.6762,3.3,73.04085,1012.72205,1003.93036,19.461428,6.8818016,11.061257,0.08135154060729333,1,0.01429752909496429,1,0.1572239847607872,1,0.13142958752912326,1,0.0,1,0.29695101169835014,1,0.09789903009669804,1,0.10891615307244074,1,0.15897922296191314,1,0.21784036128087036,1,0.17617521632129757,1,0.18028213648620078,1,0.09831645368955344,1,0.14485948181770075,1,0.2292648641094296,1,0.2568701973743248,1,0.24926374099737902,1,0.21044271672467524,1,0.24807319626518165,1,0.1896222269852103,1
37,2021-07-18,66910.95,47012.293,1.4,0.0,0.0,2.7142856,20.225714,3.8151278,18.084347,10.667381,68.309525,34.82574,1.4,64.558105,1015.0791,1006.4287,15.717857,5.790014,17.573347,0.08081683586575594,1,0.011226473411033666,1,0.07385805384725808,1,0.14139696684204178,1,0.0,1,0.29695101169835014,1,0.10288336273979376,1,0.07372370612213996,1,0.005001544573604355,1,0.07046443484263398,1,0.15318140830378302,1,0.19937254021651962,1,0.07038406512509543,1,0.16450923480669022,1,0.23015797405483357,1,0.23397222679440993,1,0.24162703494141252,1,0.25948253701949325,1,0.25213278592913774,1,0.07556978264900982,1
38,2021-07-25,64984.69,30468.908,3.1571426,0.0,0.0,11.0,12.721429,2.3712926,16.529285,12.517976,88.26786,58.330162,3.1571426,78.81392,1013.7868,1005.1029,13.907143,4.9349627,16.636484,0.08522486129092977,1,0.01419361817992415,1,0.16642810204582997,1,0.13525933982588495,1,0.0,1,0.29695101169835014,1,0.03850076334711994,1,0.13598192815975724,1,0.11676444637549849,1,0.13757288533768663,1,0.07554996193818164,1,0.20477373156567308,1,0.09055423894618098,1,0.13151111539607785,1,0.24464929912931443,1,0.23419188559739518,1,0.22605380931524782,1,0.2605468517522673,1,0.1959913898035872,1,0.11391120948615463,1
39,2021-08-01,62880.18,35862.88,0.6714286,0.0,0.0,3.2857144,15.741429,2.8218844,15.220655,10.039106,76.440475,53.269978,0.6714286,73.17552,1019.2214,1010.4512,15.220714,5.3538737,14.505118,0.08773146407286281,1,0.027401270027038738,1,0.13604712983638212,1,0.1694645276190358,1,0.0,1,0.29695101169835014,1,0.10854140963892456,1,0.13304613148232192,1,0.1325071488475566,1,0.2222655853869595,1,0.18120198822971106,1,0.1833267154107911,1,0.07193213355964856,1,0.17158861342754472,1,0.22993343945009254,1,0.19635674249235702,1,0.19754104053939175,1,0.25123716862650597,1,0.22098953879799416,1,0.1647156756650392,1
40,2021-08-08,60611.855,40871.258,1.457143,0.0,0.0,3.0,16.275715,3.0561805,17.162619,11.075416,45.833336,45.46481,1.457143,70.200516,1011.07214,1002.4293,15.942857,5.8184648,16.702028,0.09125585247060175,1,0.026971839496338967,1,0.10860371693508353,1,0.1425283309400503,1,0.0,1,0.29695101169835014,1,0.10768934646162126,1,0.1426522352989525,1,0.07475091112074106,1,0.10971115530199316,1,0.15268923290354375,1,0.1289551186311605,1,0.05754022115418167,1,0.1750921746894053,1,0.21465915799524654,1,0.2606647754105259,1,0.2580492591177284,1,0.2675880783345995,1,0.24866188540140727,1,0.10997651852978996,1
41,2021-08-15,58262.375,25331.934,6.1142855,0.0,0.0,12.571428,9.867143,1.6339518,12.63494,9.975119,78.3631,78.55719,6.1142855,85.07586,1006.1137,997.3789,16.564285,6.3467565,11.74314,0.09125920560011447,1,0.026399870913832113,1,0.17212415005688597,1,0.050867313354646226,1,0.0,1,0.29695101169835014,1,0.0021718467510948303,1,0.14419196361006043,1,0.0988119571671785,1,0.22136394067631232,1,0.19907106219102177,1,0.21639004372074228,1,0.04683202473553538,1,0.059871803501888476,1,0.21386072097385606,1,0.23451962212881294,1,0.2407039981921426,1,0.2558818678236898,1,0.24860304607478012,1,0.1937872951295469,1
42,2021-08-22,55896.71,33108.707,3.2285714,0.0,0.0,5.428571,12.288571,2.122568,12.840297,8.242976,68.565475,62.081654,3.2285714,75.394646,1014.95953,1006.1537,17.25857,6.9266424,11.401648,0.09332833914006067,1,0.022294322009161927,1,0.17380090788110747,1,0.13486400605312482,1,0.0,1,0.29695101169835014,1,0.11697492312454189,1,0.13747937127409893,1,0.13585770052638024,1,0.22548584044332431,1,0.1948918227786849,1,0.1919631736408728,1,0.06000060662184914,1,0.13223564897143797,1,0.22001768854034903,1,0.2381206957862016,1,0.239619357837976,1,0.2246520150369682,1,0.2579695605843227,1,0.19438432059249172,1
43,2021-08-29,53478.94,20167.846,9.5,0.0,0.0,12.285714,9.45,1.5952213,11.265893,8.277202,77.19643,76.69048,9.5,83.466125,1007.51074,998.72156,18.623571,7.5535464,9.812917,0.09370422936239786,1,0.02803764227185579,1,0.15593052909044675,1,0.008167847183898513,1,0.0,1,0.29695101169835014,1,-0.0006125721605652057,-1,0.1484761766895587,1,0.13469202492775578,1,0.20160786750863485,1,0.1915956580388617,1,0.18833721361611677,1,0.05671656031679517,1,0.019971860149045173,1,0.2390267406047693,1,0.24906636614260425,1,0.2420568110880169,1,0.22357281634776266,1,0.2357541188975094,1,0.19005518155414552,1
44,2021-09-05,51056.855,23278.35,3.5142856,0.0,0.0,8.428572,9.421428,1.5069917,13.08375,10.170059,81.422615,76.04072,3.5142856,83.89024,1006.92975,998.20123,11.205,4.683308,12.494528,0.09527911659086147,1,0.024502619972956108,1,0.1772128361567113,1,0.12340813477867985,1,0.0,1,0.29695101169835014,1,0.1051684688952389,1,0.15133116437859212,1,0.1172320445543708,1,0.23679121860551766,1,0.17194842247340614,1,0.2047678906497319,1,0.08505812236473498,1,0.13809054386712993,1,0.22073555603333245,1,0.2238478259939201,1,0.22573939990830766,1,0.11258573146842721,1,0.1278054047365994,1,0.20926375643628964,1
45,2021-09-12,48652.125,24529.709,2.3142855,0.0,0.0,5.285714,8.868571,1.3567836,11.188809,8.077798,85.625,77.69453,2.3142855,82.26566,1008.2661,999.4682,11.494286,4.418792,10.062522,0.0994575406869957,1,0.01898805239755552,1,0.16013306181052744,1,0.142134909695317,1,0.0,1,0.29695101169835014,1,0.13130132062556654,1,0.12852090344995126,1,0.12199002519619812,1,0.2026270944286453,1,0.18754213935900066,1,0.20112173588687,1,0.07071453593811328,1,0.15048889663045623,1,0.23908928409727542,1,0.2555743827139618,1,0.24770657372457588,1,0.13265816719469836,1,0.06662886346991648,1,0.1854393031460284,1
46,2021-09-19,46218.582,26904.014,2.6285713,0.0,0.0,8.571428,8.487143,1.3358564,8.224226,4.414405,69.875,70.94923,2.6285713,78.54512,1001.17566,992.3477,21.042858,9.469493,5.5283766,0.09496940793724112,1,0.033450853615304754,1,0.13519033369459843,1,0.11862087099341567,1,0.0,1,0.29695101169835014,1,0.10356560441453905,1,0.13845288044683346,1,0.1320203584533436,1,0.21794038710672164,1,0.16005462455812614,1,0.18915261989915383,1,0.08139542009210254,1,0.1512494444187596,1,0.24595614086516282,1,0.22845564543245794,1,0.21690672464612804,1,0.10219469223551525,1,0.12689623658430216,1,0.18669752231523612,1
47,2021-09-26,43797.285,15534.96,2.0571427,0.0,1.1699998,7.142857,6.9700003,1.1237768,3.3138096,-1.5278571,74.15477,23.60105,3.7285714,72.75997,1002.4262,993.4308,23.380713,10.754538,-0.54189956,0.09707726591253563,1,0.025814174813082347,1,0.18133642912786863,1,0.1596575429553969,1,0.0,1,0.1420530418919349,1,0.11727316912481678,1,0.14889232029680532,1,0.1284873567799279,1,0.1881644637197477,1,0.1876237436963646,1,0.19994192113078157,1,0.02672121172575348,1,0.13226339221003514,1,0.22066637910354636,1,0.20868089573488574,1,0.19023528663317452,1,0.03257490408833186,1,0.10899737011196853,1,0.17887855819885523,1
48,2021-10-03,41387.215,28991.488,0.014285714,0.0,0.06,1.0,8.718572,1.1160723,1.4632143,-4.844524,43.97024,9.218726,0.1,64.63183,997.0548,988.0477,17.046427,7.739839,-2.405131,0.09338479070240302,1,0.02358286177115332,1,0.1617375177913618,1,0.23329705852779392,1,0.0,1,0.17104716491802313,1,0.04540305497720265,1,0.1370053589454588,1,0.1272470927369651,1,0.21493124430267468,1,0.21949316954273212,1,0.1020110863358239,1,0.07596172089754227,1,0.11780570848710448,1,0.2325196428135115,1,0.21515982295572406,1,0.20019347450004038,1,0.2478738097940928,1,0.2243939855356762,1,0.2190917098090674,1
49,2021-10-10,38947.75,11287.281,3.942857,0.0,0.0,10.142858,3.5828571,0.52818286,3.5742264,1.2730358,82.297615,18.87145,3.942857,85.837585,1004.925,995.91614,17.207144,8.23615,0.49561453,0.0935565665094602,1,0.03231566978044964,1,0.1515510261442361,1,0.12010493701828917,1,0.0,1,0.29695101169835014,1,0.0848084430515193,1,0.1527384590328909,1,0.14582010786766747,1,0.18238652132817845,1,0.17004663536583942,1,0.2247569803239281,1,0.04962082321054262,1,0.12443723250584804,1,0.1930759888104247,1,0.23057762723868325,1,0.2116114365719386,1,0.22671942357678687,1,0.2531134187276789,1,0.17578848548255038,1
50,2021-10-17,36530.848,17164.178,0.028571429,0.0,0.65999997,3.142857,4.277143,0.50359595,1.3807738,-1.8489879,86.65476,10.226369,0.95714295,79.963615,997.853,988.8361,11.07,5.309127,-1.764494,0.09272292726205456,1,0.028672470557957075,1,0.1862409937854521,1,0.20356685728101503,1,0.0,1,0.1403535311701577,1,0.09766257498229558,1,0.09202869942015779,1,0.1489498356524862,1,0.21940862400280098,1,0.1601055112403798,1,0.2084346154562366,1,0.04949272563393414,1,0.14333015931115167,1,0.227964771307201,1,0.20155069250956348,1,0.21874690802335528,1,0.09692095060336237,1,0.23411877561762406,1,0.1898613811511931,1
51,2021-10-24,34125.223,14828.26,1.3142855,0.0,0.49,4.428571,3.4528573,0.41223368,1.6123216,-1.0451189,89.315475,9.25959,2.0142858,83.18901,991.3369,982.387,13.3457155,6.852374,-1.635227,0.0895521014114613,1,0.03130631105357351,1,0.19080321036376013,1,0.15383859665784183,1,0.0,1,0.1620530022516138,1,0.098523887696508,1,0.16088492973660806,1,0.13766575459959918,1,0.2099228226563944,1,0.15909118533740674,1,0.18900538190941074,1,0.07161325761751325,1,0.17912124667902668,1,0.24371817455255396,1,0.1339523436932255,1,0.12542227019159258,1,0.21854311384575803,1,0.2486524348331129,1,0.19072938585796945,1
52,2021-10-31,31709.143,13065.757,8.185715,0.0,0.88,7.142857,2.662857,0.27984968,-0.16416658,-2.7382739,80.44048,10.817317,9.428573,83.306694,997.21967,988.15814,17.545713,8.604391,-3.885165,0.09145446809377167,1,0.03768235659564845,1,0.16955567140335132,1,0.027118175157798796,1,0.0,1,0.1701788219402653,1,0.11727316912481678,1,0.07890518807530578,1,0.13959967059473866,1,0.2198208922552941,1,0.1756494085418659,1,0.19540115719832757,1,0.06611640281803544,1,0.025027276959232903,1,0.2438639679871486,1,0.2152356113429078,1,0.20294699784688197,1,0.23482040336024196,1,0.2103031907089608,1,0.21524920385765445,1
53,2021-11-07,29365.145,2823.674,2.0000002,0.0,0.44000006,10.142858,1.1342857,0.17508663,1.034643,-0.33321428,98.190475,2.7917023,2.614286,90.94782,997.82916,988.80164,12.829286,6.5538116,-2.0736444,0.09314032222429502,1,0.02725367433509318,1,0.1388271676908548,1,0.16590941182527003,1,0.0,1,0.1766358769963005,1,0.0848084430515193,1,0.12857859086279744,1,0.19266343797369762,1,0.23354838278561607,1,0.1361763932382788,1,0.012718391541646112,1,0.1258713625196492,1,0.14875395905959538,1,0.03867475171254342,1,0.20102686533441505,1,0.22049341599591638,1,0.22116693056148562,1,0.2548724357430337,1,0.193669649928285,1
54,2021-11-14,27090.137,15564.454,0.0,0.0,1.0100001,4.571429,2.0185714,0.178133,-8.514167,-12.007322,49.44643,0.0,1.4428571,76.626236,1004.816,995.39844,14.046428,7.1254706,-12.918452,0.09168399336377686,1,0.02785239871751133,1,0.1822726906193622,1,0.24017385355456333,1,0.0,1,0.16185678991559682,1,0.1023958403762869,1,0.14002938964999578,1,0.19352545877032712,1,0.20422708481690144,1,0.16574422346460088,1,0.11681660656330062,1,0.17192137499684745,1,0.17077180628061417,1,0.23583391957043093,1,0.23035467194930415,1,0.22295258880148683,1,0.2608725711526633,1,0.25423577597782954,1,0.20163706214005783,1
55,2021-11-21,24908.81,17093.047,0.014285714,0.0,0.0,0.14285715,1.8585714,0.17920306,-17.626963,-23.249584,17.988096,0.0,0.014285714,62.29907,1010.6512,1000.84265,17.464285,9.14981,-22.864534,0.0946675394972899,1,0.013609397867007766,1,0.18421438493307374,1,0.23329705852779392,1,0.0,1,0.29695101169835014,1,0.041857234450394576,1,0.13263245386930222,1,0.19219897702838196,1,0.041756695130602206,1,-0.03825059051001545,-1,-0.013110728145868333,-1,0.17192137499684745,1,0.10230029775110572,1,0.16958869040160263,1,0.2425802653794285,1,0.2384764620778938,1,0.2287222066688241,1,0.18694768453693572,1,0.01893339918951009,1
56,2021-11-28,22963.559,11204.374,0.0,0.0,0.41,4.142857,1.24,0.09844826,-18.396606,-22.246607,64.39286,0.0,0.57142866,72.19488,997.27325,987.5638,15.135,8.596879,-23.519194,0.09305965621039114,1,0.021268913166254122,1,0.13739582895838004,1,0.24017385355456333,1,0.0,1,0.19050994544961197,1,0.13349680267878977,1,0.13959260233670034,1,0.16466939683948223,1,0.009006885054968383,1,-0.030557928246253585,-1,0.2018301863353204,1,0.17192137499684745,1,0.15722994184279931,1,0.2314597256847189,1,0.21996253617321343,1,0.21383335876760323,1,0.2610782178468479,1,0.21579428472163203,1,-0.0030695634015415196,-1
57,2021-12-05,21302.475,5443.518,0.0,0.0,1.2600001,7.0,0.69428575,0.084571645,-15.174285,-17.860891,76.73214,0.9785714,1.7857141,80.28622,1007.39886,997.7086,16.238571,8.515534,-20.081602,0.09397538942732975,1,0.02085133076960699,1,0.1273794935490853,1,0.24017385355456333,1,0.0,1,0.11904518141104736,1,0.08623939336573949,1,0.160736746912245,1,0.14884710564901005,1,0.07733638135810428,1,0.12546828042093128,1,0.18551877498278274,1,0.1097719353019258,1,0.17625574890825285,1,0.23894514467457661,1,0.2571197679539374,1,0.22366587765799772,1,0.2552232538694851,1,0.22384478339123692,1,0.09716554691346646,1
58,2021-12-12,20017.27,2575.7131,0.0,0.0,1.5600001,10.285714,0.49714285,0.20795722,-8.613273,-12.173392,83.23214,0.0,2.2285714,75.728745,990.9321,981.6373,24.957857,12.572427,-13.755922,0.09055145102062989,1,0.02452637636663224,1,0.13623021593445794,1,0.24017385355456333,1,0.0,1,0.12796823990542971,1,0.0519181705556947,1,0.15097871876013896,1,0.1775721607420203,1,0.20576485592180538,1,0.15430855432187718,1,0.22582778358468641,1,0.17192137499684745,1,0.1581303699691498,1,0.22429831273040213,1,0.12514019857338876,1,0.12435687163104359,1,0.024104101098960884,1,-0.045343755220862536,-1,0.17947613439762822,1
59,2021-12-19,19276.893,3515.265,0.0,0.0,0.67,6.0,0.5042857,0.059677087,-15.397499,-17.963572,74.940475,0.0,0.9571429,81.17863,1015.58026,1005.8056,15.861429,7.9985056,-20.21695,0.09397310477684073,1,0.0012641966980931896,1,0.14129908591302653,1,0.24017385355456333,1,0.0,1,0.14197788211344498,1,0.08951432393895281,1,0.16092980152399444,1,0.10237337093423071,1,0.06196361224003033,1,0.10388490456400146,1,0.19700701573068358,1,0.17192137499684745,1,0.14333015931115167,1,0.2459522156583538,1,0.2431243672105684,1,0.2380742436838968,1,0.2580447640645629,1,0.21233656283653085,1,0.06989629974915201,1
60,2021-12-26,19143.342,2820.5652,0.014285714,0.0,1.5799999,4.571429,0.37428573,0.055252116,-9.534703,-11.320119,84.94643,2.9690475,2.2714286,87.03291,1019.7077,1010.11285,14.59714,7.0257764,-13.868126,0.09832065859323985,1,0.0016577738044416535,1,0.1388271676908548,1,0.23329705852779392,1,0.0,1,0.12119143163368407,1,0.1023958403762869,1,0.10793157468023118,1,0.08600496315679185,1,0.18942353147653934,1,0.19384640184352936,1,0.19766658249162966,1,0.1322726762400745,1,0.1599282249310926,1,0.16389272298803892,1,0.17880997414063082,1,0.19930949536922177,1,0.25033771511199826,1,0.25783676588049437,1,0.18291415334849093,1
61,2022-01-02,19604.447,4598.2363,0.65714294,0.0,0.89000005,7.285714,0.5228571,0.11468574,-7.074285,-9.714762,78.89286,0.49285716,1.9285713,81.9157,1007.28815,997.8935,20.01,9.851557,-11.530274,0.09695483515899372,1,0.015788338740287622,1,0.15088052384412814,1,0.18013259058265096,1,0.0,1,0.16498384097873198,1,0.11840512221680344,1,0.1616485658115137,1,0.17377558043993507,1,0.20948615629067918,1,0.19608969584113106,1,0.20640190244397943,1,0.13053476159338812,1,0.16762057076676873,1,0.23375749970164195,1,0.2578232209293462,1,0.22284769844519225,1,0.14286285879309624,1,0.14392626912651962,1,0.21187382375496927,1
62,2022-01-09,20626.062,7707.195,0.014285714,0.0,0.05,0.85714287,0.85714287,0.106420584,-22.325474,-27.707916,22.190477,0.0,0.08571429,62.274807,1014.07916,1004.05426,15.014999,9.03639,-27.668545,0.09839924219869356,1,0.026169410591030062,1,0.14282810872293433,1,0.23329705852779392,1,0.0,1,0.1579541406495949,1,0.04354578917086238,1,0.15797277501395507,1,0.1683131040999707,1,-0.021790796520756772,-1,-0.10515999896090922,-1,0.02035359605337339,1,0.17192137499684745,1,0.10872406899040082,1,0.16305586376564496,1,0.24856074543427142,1,0.24402249214999927,1,0.25602672841597385,1,0.17982094143639782,1,-0.03899387231727136,-1
63,2022-01-16,22147.984,1618.5079,0.114285715,0.0,2.0800002,9.0,0.54571426,0.10986156,-4.600774,-7.3269644,94.05357,1.9642857,3.0571427,81.598335,998.88684,989.6597,13.984284,7.7681046,-8.695425,0.09867289631855447,1,0.016152207722075262,1,0.10194237677279427,1,0.16617185496987352,1,0.0,1,0.07920514864963213,1,0.11564203279473351,1,0.15745163113791788,1,0.16986418641815748,1,0.2109431992133471,1,0.18721066037018647,1,0.14045788855864294,1,0.12681189352038413,1,0.15053354428870314,1,0.24102035033516717,1,0.1935088378523796,1,0.20525938533126425,1,0.2533317273335031,1,0.22001596270853852,1,0.19722527673351553,1
64,2022-01-23,23999.957,4589.3345,0.39999995,0.0,0.96,6.428571,0.9257143,0.18003072,-5.5406547,-8.374583,87.625,4.117666,1.7714287,80.94544,1005.89825,996.5701,16.047855,8.552672,-9.808016,0.10506987085612812,1,0.020605078429086543,1,0.15210487520748656,1,0.15517165429466862,1,0.0,1,0.1707121233649047,1,0.0951095420983959,1,0.15167043646607548,1,0.18787570466409814,1,0.18607241924315066,1,0.17879714825096776,1,0.211482343620031,1,0.09189547642068574,1,0.1762519216973581,1,0.249531712040864,1,0.2232541398389401,1,0.22935764502954448,1,0.27570319501854323,1,0.21360524410787696,1,0.1780288355610095,1
65,2022-01-30,26074.498,5431.0396,0.71428573,0.0,1.4200001,8.714286,1.3571428,0.20389487,-5.1105957,-7.8088098,81.90476,1.9761904,2.7285712,81.96161,1006.6994,997.38116,18.829285,9.939389,-9.566545,0.10375358500615456,1,0.019484530116935517,1,0.1264808055915292,1,0.152882380061385,1,0.0,1,0.14886458812138792,1,0.11089070878313478,1,0.13490202895011832,1,0.1789415954641067,1,0.18826983054652446,1,0.19508279872611384,1,0.22132439869554021,1,0.13179126750279696,1,0.14009436736245512,1,0.23663046699153173,1,0.22788113467620047,1,0.2405537884290383,1,0.22913940471931327,1,0.1124908344328367,1,0.19123912393390885,1
66,2022-02-06,28353.314,7289.9688,0.014285714,0.0,1.15,8.285714,1.7728571,0.15463756,-10.014762,-12.616845,86.28571,0.0,1.6428568,82.03324,1007.41315,997.9147,16.892141,9.142686,-14.721228,0.10225898715015802,1,0.026617243190514617,1,0.15525291588813844,1,0.23329705852779392,1,0.0,1,0.1474473286319664,1,0.11527941880565296,1,0.12900883153209408,1,0.184672321637935,1,0.17989550007497912,1,0.1485673513686997,1,0.20327533639386658,1,0.17192137499684745,1,0.16391822958174646,1,0.2382050755538943,1,0.2553879556215498,1,0.22281423379276583,1,0.24966034704886853,1,0.19320140682776316,1,0.18261698650227637,1
67,2022-02-13,30709.854,2529.9321,0.0,0.0,2.09,10.571428,1.6700001,0.22189665,-5.359405,-7.7225003,94.827385,0.4904762,2.9857144,83.67446,1006.5345,997.2122,18.220715,8.5255575,-9.635389,0.10843038571805708,1,0.03825699841102459,1,0.14486130024136695,1,0.24017385355456333,1,0.0,1,0.07543235495681189,1,0.027710538513358363,1,0.14182382712925928,1,0.16678163280205544,1,0.19313083707553885,1,0.2019451120059138,1,0.12827681060828955,1,0.1478995301922887,1,0.16321455336152663,1,0.23788306237927642,1,0.2336578445179785,1,0.22560912178957127,1,0.224088571735091,1,0.23044780889470234,1,0.2000214318706368,1
68,2022-02-20,33104.973,3952.6997,1.5142862,0.0,3.6300004,11.142858,1.99,0.22495028,-1.6492856,-2.8302379,95.08929,8.380953,6.7000003,91.833435,1014.01013,1004.7454,13.1378565,6.146552,-5.044838,0.1075882586640396,1,0.04204701517426013,1,0.15807382078971421,1,0.14690583809312474,1,0.0,1,0.01533773616426326,1,0.06550789576849936,1,0.1436102688413316,1,0.1667852459107011,1,0.23662988514727296,1,0.17887091942254874,1,0.09077619915633206,1,0.07190177577117307,1,0.07552399279865751,1,-0.007360429740602359,-1,0.24489794912072105,1,0.24597437058060362,1,0.2219776320414779,1,0.22858842375223143,1,0.21991632732299154,1
69,2022-02-27,35566.21,8930.414,0.25714287,0.0,1.9099996,5.428571,3.3500001,0.4663262,-0.12398807,-3.6650598,91.82143,5.126141,2.9857144,77.709694,1012.1095,1002.91327,13.463571,6.8303957,-3.7344496,0.11145129962727957,1,0.035107915735884454,1,0.17122448355357345,1,0.13443189600306688,1,0.0,1,0.07403451902701297,1,0.11697492312454189,1,0.15265808525569968,1,0.1524813797900595,1,0.22076719004425555,1,0.1823791023285639,1,0.18497383236455128,1,0.08430855191764319,1,0.16321455336152663,1,0.24481909197700213,1,0.2575401372931518,1,0.25522036689061245,1,0.2456257226595751,1,0.2491858177286787,1,0.20461636210877643,1
70,2022-03-06,38017.508,18787.076,0.0,0.0,1.4,3.5714285,5.5685716,0.6226177,-1.2594049,-5.0242853,78.63096,2.4559524,2.0,76.433205,1012.1369,1002.9032,14.016429,7.2273993,-5.0829644,0.10946998022411714,1,0.038998133941739566,1,0.16528895643294794,1,0.24017385355456333,1,0.0,1,0.16547342492034417,1,0.1066201388903254,1,0.10638328492978721,1,0.10833429900291358,1,0.2237495215722442,1,0.21221035283008854,1,0.22329970352634704,1,0.1313774411037283,1,0.1784820088115187,1,0.2343303492956248,1,0.2568884008787934,1,0.2545807616667226,1,0.25593780813099143,1,0.24936929471008557,1,0.21948418551749782,1
71,2022-03-13,40465.895,14458.167,0.12857144,0.0,1.6800001,7.857143,5.602857,0.5527791,-1.81625,-4.7787504,91.59524,0.0,2.5142858,81.3073,1016.0006,1006.7114,13.202142,6.5208273,-5.4786763,0.10783505089171685,1,0.03535701447988804,1,0.18031039820610134,1,0.15998275231644038,1,0.0,1,0.12938752803970277,1,0.10017899463345659,1,0.10957913301852107,1,0.1480544698924146,1,0.2219132442931353,1,0.215047205389015,1,0.17771137983089308,1,0.17192137499684745,1,0.1610393704292017,1,0.24065802481221155,1,0.22194073505003808,1,0.2365425538683149,1,0.22028671083384943,1,0.26166749795929883,1,0.21506396122802973,1
72,2022-03-20,42942.1,29349.55,0.014285714,0.0,0.35999998,1.8571428,9.911428,0.8410951,-3.2808337,-7.057322,69.86904,0.35170642,0.5285714,76.166176,995.5667,986.41516,13.508571,6.7863936,-7.2286725,0.10206624112465712,1,0.03279077334023539,1,0.15933330640094723,1,0.23329705852779392,1,0.0,1,0.15316493496947992,1,0.06160712305115634,1,0.1380534897644689,1,0.13364296869062148,1,0.162591206219035,1,0.19620080133205225,1,0.18899585402743485,1,0.04308246952318395,1,0.14713886171397295,1,0.2333461989684542,1,0.1610851663999615,1,0.16500990937303284,1,0.24761688519733666,1,0.2497085682808567,1,0.17199354398233002,1
73,2022-03-27,45392.504,33297.48,0.028571429,0.0,0.27,2.0,11.685715,1.229855,-0.86982125,-6.016548,63.59524,2.2222123,0.41428572,69.82704,1003.58746,994.44366,18.529284,8.851405,-5.035711,0.10289166523547166,1,0.04244378735033355,1,0.1665147152218296,1,0.20356685728101503,1,0.0,1,0.1624904977608952,1,0.060219771872755734,1,0.13104106848978114,1,0.1037526021947206,1,0.23304841012964206,1,0.2018171668749627,1,0.180939120172123,1,0.11538490642352628,1,0.16030690887706145,1,0.2100486735822868,1,0.21789261494920376,1,0.20174468187720607,1,0.22389944468586565,1,0.21808638140248154,1,0.217510911598501,1
74,2022-04-03,47846.086,32119.637,0.028571429,0.0,0.120000005,1.4285715,12.605714,1.4041501,1.1581548,-3.6945236,67.666664,8.134986,0.20000002,71.46987,998.5953,989.56445,13.686427,6.3248897,-2.3851573,0.10236414613706435,1,0.03549051119518587,1,0.14760519506333836,1,0.20356685728101503,1,0.0,1,0.13720251755481527,1,0.09801376049730048,1,0.14224009763687018,1,0.12392357164783824,1,0.23282325034831253,1,0.17850772370728452,1,0.1810522791358692,1,0.0705954828103893,1,0.10509660434421852,1,0.2112545444646307,1,0.2002262832624767,1,0.20161305548164749,1,0.25193035695206334,1,0.2376333364599149,1,0.22395562565651372,1
75,2022-04-10,50319.25,32727.45,0.042857144,0.0,1.6900002,5.285714,13.735715,1.343681,-0.88380945,-5.6448216,68.40476,3.1330628,2.4571426,72.144966,1008.61005,999.41925,15.452142,7.056557,-4.7228646,0.09957792829634454,1,0.031172605822682553,1,0.17939382008379573,1,0.17592855591024953,1,0.0,1,0.1336605236153161,1,0.13130132062556654,1,0.1183932020088696,1,0.13076358349937955,1,0.22996724065305096,1,0.2126797537499429,1,0.1994009185218471,1,0.1332587265369295,1,0.16056684634269064,1,0.2291737383637199,1,0.2592808053150225,1,0.25364488605017815,1,0.25104976111182503,1,0.24680780318198942,1,0.22286032284314644,1
76,2022-04-17,52760.133,45906.027,0.0,0.0,0.0,0.0,18.925714,2.0111988,1.0563692,-4.8942266,39.785713,11.111125,0.0,66.73496,1025.5667,1016.2874,10.337143,5.195166,-2.3839529,0.10251409933380468,1,0.038215466264329034,1,0.09836131725461084,1,0.24017385355456333,1,0.0,1,0.29695101169835014,1,0.04672630959675239,1,0.12641777268142762,1,0.14262171540116397,1,0.23437683518534358,1,0.2156756252849088,1,0.09443173544770944,1,0.04258032680074131,1,0.12865781305324342,1,0.2080229984626764,1,0.017738253006801652,1,0.021682993149945817,1,0.07086187735153593,1,0.22354637334541222,1,0.2241061729086825,1
77,2022-04-24,55204.63,44705.277,0.24285714,0.0,0.0,0.5714286,18.134287,2.2281508,3.0563693,-4.3480954,46.607143,17.8065,0.24285714,60.455597,1007.725,998.6723,13.793571,5.7809286,-0.3782844,0.10395728829460676,1,0.030764882530852744,1,0.113107892745551,1,0.1458851134378502,1,0.0,1,0.29695101169835014,1,0.05100576206899554,1,0.1372360396970111,1,0.12907850742696036,1,0.17413244158569718,1,0.18522773752815158,1,0.14816082275826847,1,0.06838508162151502,1,0.10644884521926701,1,0.12212498642267067,1,0.24860266216764515,1,0.24216760188737485,1,0.25078858333500437,1,0.2466826427538033,1,0.15992821482716046,1
78,2022-05-01,57642.918,47252.645,0.64285713,0.0,0.02,1.4285715,18.644287,2.5121396,6.863214,0.69208336,60.476192,27.190723,0.6714286,67.687965,1012.46075,1003.4892,15.820714,6.225403,3.9977663,0.10465328334549806,1,0.02466361829424768,1,0.07821873082526176,1,0.17587498079152825,1,0.0,1,0.13740954263994365,1,0.09801376049730048,1,0.11878592696054924,1,0.14853426494206473,1,0.2166832920016747,1,0.1771634865863293,1,0.15208506362563234,1,0.028795912287680192,1,0.17158861342754472,1,0.18544880809165054,1,0.2537932236943418,1,0.23877111640805426,1,0.26269809350157913,1,0.2384229623434645,1,0.16231974324569798,1
79,2022-05-08,60006.375,43421.29,1.4285715,0.0,0.04,2.5714285,18.527143,2.671436,7.276012,0.32988113,78.64881,29.830877,1.4857142,64.67924,1001.98926,993.1241,18.047144,6.7221704,4.3199344,0.106234308101116,1,0.03132004805588873,1,0.11585985277198874,1,0.1460508886827685,1,0.0,1,0.13556913497154355,1,0.11702275159828368,1,0.10976859360764946,1,0.13371453999316535,1,0.23334567947592127,1,0.18499417141426777,1,0.2235591012850377,1,0.027009132485946497,1,0.18106153884504383,1,0.23121831599425724,1,0.21891891974826938,1,0.2091948091506528,1,0.20836065047553642,1,0.2521561439583025,1,0.19346547845970397,1
80,2022-05-15,62317.004,45027.758,1.5999998,0.0,0.42000002,3.5714285,20.255713,3.0348809,6.610833,-2.6064284,64.672615,15.278716,2.2,56.068825,1012.76843,1003.7863,24.09857,9.883841,2.788433,0.1071639954983657,1,0.03622479696076575,1,0.11650914653776379,1,0.15004617883157706,1,0.0,1,0.18598473648455788,1,0.1066201388903254,1,0.08005900906539798,1,0.08839390210218168,1,0.1977145400331521,1,0.1792175940702439,1,0.19235321636356956,1,-0.004570758373061534,-1,0.15011510703161335,1,0.054306510070664005,1,0.25643209207744816,1,0.24387676279526427,1,0.04678432343290928,1,0.13066654558314228,1,0.17003874489166693,1
81,2022-05-22,64514.7,57287.586,0.0,0.0,0.0,0.0,24.008572,4.152523,12.619464,-1.4847023,46.517857,17.785725,0.0,41.759068,1016.77795,1007.94806,16.956429,6.2606354,9.553721,0.10439376755102797,1,0.019763570217545823,1,-0.011696150161541019,-1,0.24017385355456333,1,0.0,1,0.29695101169835014,1,0.04672630959675239,1,-0.0004796290229539535,-1,0.0022161482368328045,1,0.22192173206639743,1,0.18951011051237954,1,0.14814806215055887,1,0.06691287716247496,1,0.12865781305324342,1,-0.0628896467661848,-1,0.1918873381222435,1,0.21782198409186299,1,0.2480154323394373,1,0.233423599482249,1,0.1583557374123934,1
82,2022-05-29,66482.516,53839.24,0.10000001,0.0,0.0,0.5714286,22.882856,4.3632665,14.766787,0.9191667,46.67857,22.425116,0.10000001,43.595306,1012.71906,1003.9888,19.375713,7.219793,11.902773,0.10371368643328582,1,0.012177382628186129,1,0.038115222468857346,1,0.1635006304965545,1,0.0,1,0.29695101169835014,1,0.05100576206899554,1,-0.004350542416894809,-1,-0.03192096185117732,-1,0.20551509521253625,1,0.18075286500280735,1,0.14222511502759116,1,0.01912334123276349,1,0.11780570848710448,1,-0.05004226753575802,-1,0.2567840332281194,1,0.24521247071601782,1,0.20800946357714095,1,0.2506058228544568,1,0.19842708111182272,1
83,2022-06-05,68180.34,57574.414,0.0,0.0,0.0,0.0,26.457144,5.45184,20.071848,0.39386925,51.660713,3.1627195,0.0,29.731676,1013.02203,1004.44666,17.588572,6.0253716,17.407347,0.10216163572607356,1,0.012266749540608912,1,-0.020052173139685103,-1,0.24017385355456333,1,0.0,1,0.29695101169835014,1,0.04672630959675239,1,-0.11252078640673546,-1,-0.18290191668304012,-1,-0.034942927618626274,-1,0.18246796257954478,1,0.12056295617537827,1,0.1325436813065744,1,0.12865781305324342,1,-0.16509425044648274,-1,0.2539826594119575,1,0.2360145901075546,1,0.23474729375772735,1,0.23482333094834984,1,0.09938681732817567,1
84,2022-06-12,69477.46,43259.93,2.1714287,0.0,0.0,4.714286,19.071428,3.5034842,15.517083,7.6635118,70.23214,38.961185,2.1714287,62.656944,1005.0131,996.3732,18.306429,6.351186,14.077135,0.10234424360771333,1,0.009229952856010692,1,0.12389456010354971,1,0.15116626801108524,1,0.0,1,0.29695101169835014,1,0.11030368052831568,1,0.11452563990087605,1,0.02069759348359368,1,0.1969146236944101,1,0.17613304064262386,1,0.1886656904278764,1,2.2209693117947182e-07,1,0.14522823331627605,1,0.1590998150829237,1,0.23230613810846767,1,0.2261686838243787,1,0.2243114372485311,1,0.24872655799672672,1,0.21484794558059933,1
85,2022-06-19,70215.61,51407.95,0.8000001,0.0,0.0,4.0,22.047144,3.9281209,15.223631,6.4486313,59.232143,33.745296,0.8000001,58.568115,1013.49115,1004.76984,17.125713,5.9669027,13.558334,0.10184284220056566,1,0.005300543243990541,1,0.0359086595467768,1,0.14847966143620944,1,0.0,1,0.29695101169835014,1,0.09509741808953448,1,0.004487296803259322,1,-0.0006250674514143295,-1,0.22272669962487407,1,0.14725772284404448,1,0.141330450663942,1,0.07391821147091959,1,0.16291632704301157,1,0.13270861079726337,1,0.2461243434619233,1,0.24438141536124114,1,0.2355405478408904,1,0.22543068053479237,1,0.1882556308732679,1
86,2022-06-26,70336.47,55840.176,0.6285714,0.0,0.0,1.1428572,23.72143,4.459145,18.069763,8.912321,66.74405,28.737534,0.6285714,58.239807,1022.0054,1013.29553,18.18,6.524127,16.98882,0.0995867574230026,1,-0.000577562462247605,-1,0.007490229486248889,1,0.1786966986813726,1,0.0,1,0.29695101169835014,1,0.04376264377458983,1,-0.005726698009381637,-1,-0.058728788446652413,-1,0.07066953619408134,1,0.19490711678776035,1,0.19044337901745428,1,0.025099648349414805,1,0.16992468762063395,1,0.12060748888933803,1,0.1912560818245816,1,0.16456600576702196,1,0.21721821595797636,1,0.25985131091848485,1,0.08072486250382893,1
87,2022-07-03,69839.69,60389.695,0.0,0.0,0.0,0.0,26.248571,5.1652617,19.675417,8.508452,19.404764,18.618322,0.0,51.50341,1017.8964,1009.26874,18.747858,6.662404,18.519156,0.09753135486189435,1,0.0015302239080756674,1,-0.08329200987768037,-1,0.24017385355456333,1,0.0,1,0.29695101169835014,1,0.04672630959675239,1,-0.09580525044374799,-1,-0.15246302645006582,-1,-0.008478448492439061,-1,0.18856613471849465,1,0.006569284948261811,1,0.048206358712828745,1,0.12865781305324342,1,-0.024975458414468243,-1,0.21051553093157632,1,0.2038789690418269,1,0.22866105471549303,1,0.25810554372987055,1,-0.03248294493327397,-1
88,2022-07-10,68762.8,51345.09,0.6571428,0.0,0.0,2.2857144,20.974287,4.2197757,18.781666,9.746249,65.13095,28.039074,0.6571428,58.850086,1010.4411,1001.8514,18.490713,6.840196,17.807068,0.09741014973728901,1,0.015248238659850255,1,0.036907202383631876,1,0.18178669523345636,1,0.0,1,0.29695101169835014,1,0.06031140730307516,1,0.03378943915235699,1,0.013674339220661302,1,0.012476320266959107,1,0.1870050531091158,1,0.17433466359839894,1,0.025714513873406064,1,0.16994896418457445,1,0.1570821104109088,1,0.24720324840326535,1,0.25139901873567266,1,0.21931417094073918,1,0.2510612960731807,1,0.051367850805756454,1
89,2022-07-17,67210.195,17212.553,9.171428,0.0,0.0,9.142858,10.117143,2.0365088,15.481667,11.545357,92.14286,58.737263,9.171428,79.02693,1005.92975,997.28204,16.05,6.476751,15.0324545,0.10343438696522733,1,0.015230395494131188,1,0.18295729264635302,1,0.038110928204734495,1,0.0,1,0.29695101169835014,1,0.11755631670208377,1,0.12156692529057589,1,0.13999335100325938,1,0.1983101680562928,1,0.12025915899057726,1,0.18832474770385577,1,0.10058429389935875,1,0.034081016547647947,1,0.24915733043540395,1,0.22507815262641695,1,0.2368253359085482,1,0.27526183878142024,1,0.2427379271174901,1,0.15058882285975383,1
90,2022-07-24,65353.324,16504.123,10.871429,0.0,0.0,12.714286,10.360001,1.7634152,12.042679,9.1965475,88.23214,75.088455,10.871429,84.2245,1009.03107,1000.25256,16.772142,6.924978,10.862784,0.09996195642592093,1,0.01408455485092841,1,0.18092313333562343,1,-0.07124356193105397,-1,0.0,1,0.29695101169835014,1,-0.010076930778842863,-1,0.11488219907503794,1,0.07849165344636899,1,0.20504639606380243,1,0.18914742831782688,1,0.20916625141181294,1,0.054986398607759335,1,-0.08699871585103747,-1,0.20701548434212452,1,0.2639052228914424,1,0.2491202998743765,1,0.24263655295485947,1,0.25782491790360207,1,0.184284536174821,1
91,2022-07-31,63265.992,37772.727,1.5571429,0.0,0.0,4.285714,16.33,2.9692745,15.346547,9.026607,68.92262,47.775055,1.5571429,68.098274,1015.13995,1006.40814,17.661428,7.5439773,14.099623,0.0983481466107961,1,0.028147876842495756,1,0.13567296490255798,1,0.14398952536087217,1,0.0,1,0.29695101169835014,1,0.1147852878844412,1,0.13985456547765668,1,0.09288715445496054,1,0.20093773459662512,1,0.20061781465479517,1,0.17956473023124558,1,0.06471905044398674,1,0.18134815372715518,1,0.18563515896183103,1,0.23146163083493648,1,0.23607017148804277,1,0.2327678739632651,1,0.23224000570024633,1,0.21249008614293008,1
92,2022-08-07,61007.85,27123.225,6.942857,0.0,0.0,8.571428,11.309999,1.9468753,14.001309,11.191191,72.208336,74.06437,6.942857,84.557,1010.4684,1001.7367,16.354284,6.7382865,13.424805,0.09768863980197101,1,0.0329537109288327,1,0.13173127891624148,1,0.04074951024102669,1,0.0,1,0.29695101169835014,1,0.10356560441453905,1,0.12674905688486282,1,0.11723054199785171,1,0.22031994091276264,1,0.14335410781498692,1,0.19391235059483697,1,0.04411780796831277,1,0.03315456546184614,1,0.21329238044830567,1,0.2500198506081669,1,0.2409485395213432,1,0.2546722588832796,1,0.24820008559355072,1,0.1872918521212728,1
93,2022-08-14,58691.63,14058.389,8.2,0.0,0.0,12.0,8.291429,1.4604508,13.190596,10.84238,90.202385,80.846565,8.2,86.75404,1011.5542,1002.7886,15.315,6.6055155,12.555741,0.10262943872525382,1,0.030791024377026188,1,0.17266031634354256,1,0.028533416689985325,1,0.0,1,0.29695101169835014,1,0.02043723564926625,1,0.14060486028302038,1,0.12433389084619856,1,0.23033228661705812,1,0.1457610872474021,1,0.18469630450080793,1,0.03114151726006864,1,0.008756601883027737,1,0.17171691708107428,1,0.2719416567518947,1,0.25744811562039055,1,0.24815486386585467,1,0.2564613472643729,1,0.20971410435662757,1
94,2022-08-21,56316.91,9527.721,9.900001,0.0,0.0,13.142858,6.6857142,1.1940079,12.097738,9.927499,92.07143,85.52793,9.900001,87.08726,1008.55237,999.77997,15.959999,7.0260673,11.092211,0.1039765707128853,1,0.02861768325687719,1,0.1369011153159041,1,-0.006063017545104632,-1,0.0,1,0.29695101169835014,1,0.0040695207009256995,1,0.14797543052391487,1,0.13462571876002782,1,0.20550615474733097,1,0.20095155791921798,1,0.193288853206865,1,0.0099671465227259,1,-0.02013872398460892,-1,0.16357930084425398,1,0.2589233457269227,1,0.23562270031439458,1,0.27189849758400414,1,0.25754734170166566,1,0.19408340481491665,1
95,2022-08-28,53897.24,22943.072,4.2857146,0.0,0.0,8.285714,9.327143,1.5426464,13.091489,10.554285,88.91667,81.575554,4.2857146,85.14387,1008.85657,1000.1118,14.027141,5.964454,12.420001,0.11304720019637654,1,0.03492318811221462,1,0.16490403994772557,1,0.11379867161269153,1,0.0,1,0.29695101169835014,1,0.11527941880565296,1,0.15035633851564845,1,0.12385291869953119,1,0.2349265305717248,1,0.16233858777404575,1,0.19566022449289794,1,0.027739947179958313,1,0.11475082088713262,1,0.2177460690748783,1,0.26099221059765204,1,0.25029363213125433,1,0.2573407756233051,1,0.22564994637887076,1,0.21450793822659936,1
96,2022-09-04,51494.977,28261.562,8.985715,0.0,0.0,9.142858,9.655714,1.4573659,11.159047,8.639999,79.10119,83.033585,8.985715,85.17992,999.5013,990.77875,15.353572,6.4148035,9.89358,0.11488510979803757,1,0.0363176492202244,1,0.14811778919260365,1,0.06881981030608764,1,0.0,1,0.29695101169835014,1,0.11755631670208377,1,0.1363637286083889,1,0.1275881335176901,1,0.20019778515775,1,0.19172587199139118,1,0.19402769576740508,1,0.018552550529486345,1,0.06433106130073907,1,0.21665921459520582,1,0.1763383985374566,1,0.1831091010578042,1,0.25399393808150683,1,0.2414578015313627,1,0.18592841391342757,1
97,2022-09-11,49074.176,21087.514,8.842857,0.0,0.0,13.428572,7.4700003,1.1902729,10.026903,7.554286,77.84524,85.24574,8.842857,85.41962,1010.9857,1002.12823,18.302141,8.05627,8.248861,0.11454561573126343,1,0.02751334708068609,1,0.15469676332450427,1,0.051550177287656984,1,0.0,1,0.29695101169835014,1,-0.0487109992157434,-1,0.15535540521069718,1,0.13024140222041286,1,0.21417072976324053,1,0.17808387209465698,1,0.19914576493731234,1,0.01943443490757013,1,0.0382722539389031,1,0.18855316594800808,1,0.25470789346769235,1,0.25734756045348106,1,0.22531969880545888,1,0.24314775213786177,1,0.17689151657247276,1
98,2022-09-18,46641.805,13301.704,4.7571425,0.0,0.0,7.571429,5.765714,1.0595806,9.472143,6.5730357,86.75596,82.5874,4.7571425,82.91245,1009.4821,1000.62067,20.16643,9.280469,7.267067,0.11092845827616149,1,0.03884466107212281,1,0.16671897541839115,1,0.11800382205348015,1,0.0,1,0.29695101169835014,1,0.10175590521078226,1,0.11328597743736224,1,0.14162116636537936,1,0.2029527672050246,1,0.15595986475650053,1,0.21347961960307504,1,0.03777745357541906,1,0.12492923045213677,1,0.22003535518697426,1,0.2746671188205309,1,0.2497445803711713,1,0.15395661967309038,1,0.12142386544245087,1,0.16525378498464982,1
99,2022-09-25,44236.59,11514.274,7.3142858,0.0,0.0,11.428572,4.7214284,0.7181371,7.2191663,5.1870236,91.875,67.886406,7.3142858,87.63201,1002.97504,994.1003,17.091427,8.159537,4.8804164,0.10899641612419775,1,0.04046200883636142,1,0.14502957001456146,1,-0.0023037517698175636,-1,0.0,1,0.29695101169835014,1,0.027000332189164866,1,0.10722752057190987,1,0.1266190301177748,1,0.23650408115649368,1,0.14769531523946366,1,0.19095213614918416,1,0.047508394708807744,1,-0.000477113363568038,-1,0.1411401654344554,1,0.19189368815382796,1,0.20995597171490693,1,0.24236828894014195,1,0.24259993675777253,1,0.22243539660921086,1
100,2022-10-02,41807.93,22243.88,2.5285716,0.0,0.0,6.0,6.394286,0.950173,7.1545835,3.8792856,84.85119,65.68598,2.5285716,81.073364,1004.5905,995.6992,15.449999,6.9329443,4.7237926,0.1055513752445616,1,0.031131634110276307,1,0.16609951690103814,1,0.11682256549040682,1,0.0,1,0.29695101169835014,1,0.08951432393895281,1,0.12062690445350277,1,0.12091605451483961,1,0.23615383877589957,1,0.17732393310148692,1,0.20292882591898814,1,0.08145260979595692,1,0.15892390236226767,1,0.2476826991131441,1,0.22430896817988977,1,0.21468505319405823,1,0.2510231448231232,1,0.2569852477341292,1,0.2018993941737272,1
101,2022-10-09,39375.117,9679.256,5.728572,0.0,0.0,9.0,3.5714285,0.64405715,8.180476,5.642083,89.97619,80.00384,5.728572,84.763565,1011.59406,1002.6734,16.684284,8.073903,5.950215,0.10171757595090875,1,0.03761238463291883,1,0.1266066368080494,1,0.058929309785230144,1,0.0,1,0.29695101169835014,1,0.11564203279473351,1,0.14919165479942348,1,0.11222745792634303,1,0.22053896839881515,1,0.15615659564180223,1,0.1859483608627835,1,0.04964512588743597,1,0.07023585590299475,1,0.22849451517604052,1,0.2709714288185067,1,0.25085717499400495,1,0.25089811424735786,1,0.2471881240009282,1,0.18317459675262687,1
102,2022-10-16,36970.664,14331.445,0.91428566,0.0,0.59000003,3.4285715,4.207143,0.67161363,0.34863096,-4.8486905,73.33333,3.4500465,1.7428571,69.37399,1008.32324,999.1777,16.521427,8.194826,-3.5693748,0.10794950859505026,1,0.03246875147472705,1,0.179174597132091,1,0.12175850794022636,1,0.0,1,0.14811184777631203,1,0.09636795228338974,1,0.10440793218490763,1,0.1147423395722833,1,0.2093363337695066,1,0.21916272578484208,1,0.1952707633571114,1,0.12423551127909638,1,0.16875639406964787,1,0.2185817584679946,1,0.26168223355729114,1,0.24534366252881812,1,0.26190794192575517,1,0.2507385193684324,1,0.2029599497050928,1
103,2022-10-23,34540.582,14701.833,3.1714287,0.0,0.29,5.0,3.3342857,0.33504826,1.9638097,0.27571434,83.315475,13.724516,3.5857143,89.05446,1004.2553,995.19965,12.651429,6.4139295,-1.0017732,0.10430435726903275,1,0.03584807264209966,1,0.19119533713872766,1,0.13461219039719924,1,0.0,1,0.17450558957984352,1,0.10217853136740085,1,0.15425528269341515,1,0.12201762028767221,1,0.19448147621903594,1,0.17133922117610284,1,0.22393221039293199,1,-6.264272411904415e-08,-1,0.11999662948966533,1,0.081429373973544,1,0.21949812309564187,1,0.2143458420923307,1,0.234006482465679,1,0.24263043366151732,1,0.17490737595782357,1
104,2022-10-30,32132.498,19096.691,0.0,0.0,0.48,2.5714285,3.7557144,0.5603591,-4.8909526,-11.787679,74.78571,0.0,0.6857143,59.919285,992.1036,982.93085,19.37357,9.5250225,-9.639699,0.10763156270977431,1,0.05194514617913226,1,0.15508750249681197,1,0.24017385355456333,1,0.0,1,0.17650310197506686,1,0.11702275159828368,1,0.12696930577983723,1,0.1517573119336152,1,0.20814938105680503,1,0.17848108796661571,1,0.1929334895839992,1,0.17192137499684745,1,0.17317772705533901,1,0.1428817048905746,1,0.11680931058288246,1,0.10975284970397359,1,0.20734719286610254,1,0.12537170708360146,1,0.19989565235643209,1
105,2022-11-06,29788.49,16452.107,0.0,0.0,1.14,5.428571,2.8685715,0.5696756,-6.529643,-12.896904,66.36905,0.0,1.6285714,62.437996,1009.44226,1000.05023,27.027857,13.084021,-11.848915,0.1078850361422079,1,0.03677358382243945,1,0.17990040594502776,1,0.24017385355456333,1,0.0,1,0.14417319413376384,1,0.11697492312454189,1,0.1179503065265125,1,0.1511647989283243,1,0.21193004993653575,1,0.1431030137271635,1,0.19149690474548442,1,0.17192137499684745,1,0.1665790545405204,1,0.16589338996961434,1,0.2737882905036614,1,0.24493402255927904,1,-0.07643434398975191,-1,-0.06083968262040318,-1,0.20596015709283716,1
106,2022-11-13,27471.791,3516.8386,0.48571423,0.0,1.4,8.285714,1.1928571,0.24750324,-2.0611904,-5.536488,94.83929,0.98571426,2.457143,78.007385,1009.75653,1000.5145,14.153571,7.3058386,-5.8838615,0.1074198716316837,1,0.0296994162412737,1,0.14129908591302653,1,0.14932946213457254,1,0.0,1,0.16547342492034417,1,0.11527941880565296,1,0.13765191333634968,1,0.12935156534672537,1,0.21730507384326114,1,0.21492798714887168,1,0.12706037513508728,1,0.12070126302307588,1,0.1566148473700152,1,0.25485829040343605,1,0.26180215251702016,1,0.25350498167481317,1,0.2442670659559481,1,0.2386132404734007,1,0.2075707969865525,1
107,2022-11-20,25283.06,13725.837,0.7714286,0.0,1.46,2.857143,1.7314285,0.18823887,-4.7257733,-7.9906545,43.15476,3.522619,2.8571432,78.12087,1023.42145,1013.96295,15.816428,8.853387,-9.050529,0.11240490506134126,1,0.01929105472517334,1,0.1766158784556297,1,0.14569465495312334,1,0.0,1,0.1275972451125521,1,0.08329437041531379,1,0.13015462366072056,1,0.1778969812220107,1,0.2143765135717034,1,0.19856152760145962,1,0.11317708766790002,1,0.11806029288469905,1,0.15498678135415744,1,0.24591624339764218,1,0.10064036667422749,1,0.11377152295641679,1,0.261778071475187,1,0.21995994965796745,1,0.194529773079204,1
108,2022-11-27,23304.188,9283.944,0.21428573,0.0,0.83000004,4.142857,1.0942857,0.079911985,-6.6701193,-8.458512,66.60119,0.4904762,1.3999999,87.229004,1001.6054,992.2793,14.745,8.123879,-10.906298,0.10972731633820887,1,0.024068192234352193,1,0.14345705901099148,1,0.14910365757031074,1,0.0,1,0.1274368761083301,1,0.13349680267878977,1,0.12500719950101968,1,0.13721945962832316,1,0.21794073328971503,1,0.17600273206145384,1,0.1948890888052377,1,0.1478995301922887,1,0.16450923480669022,1,0.15202799009340828,1,0.2170552296355781,1,0.2206107506687099,1,0.25877795082890115,1,0.24484734709686384,1,0.19745411682359276,1
109,2022-12-04,21557.344,7302.6196,0.0,0.0,0.28000003,1.1428572,0.9385714,0.08994957,-13.923987,-18.512678,64.65476,0.0,0.4,69.33492,1028.4327,1018.59283,11.811429,6.796264,-18.627188,0.10725428549498545,1,0.025055677836868795,1,0.15084809296951296,1,0.24017385355456333,1,0.0,1,0.16160590380403794,1,0.04376264377458983,1,0.14547694375062536,1,0.1506426567090755,1,0.09599376607050869,1,0.08720244978751213,1,0.19364700451753653,1,0.17192137499684745,1,0.15553611402662815,1,0.21569962461311842,1,-0.017249968356853662,-1,-0.006115716016651396,-1,0.1555525989742672,1,0.24588329123459846,1,0.0953718417415016,1
110,2022-12-11,20206.234,1419.3064,0.014285714,0.0,3.1599998,9.857142,0.44142857,0.1847618,-8.079345,-11.298392,79.63096,3.4785714,4.5142856,78.41021,1008.3994,998.9599,20.346426,10.575351,-12.850782,0.11058407485175048,1,0.03339566324555099,1,0.1042844044324085,1,0.23329705852779392,1,0.0,1,-0.002807019608107142,-1,0.09273803510088946,1,0.12419362126466255,1,0.1837740719824425,1,0.2072549046925503,1,0.19208516697572003,1,0.1833856748358184,1,0.12403561487264292,1,0.10963147414004448,1,0.2502114133596214,1,0.2608576977130623,1,0.24807579015210118,1,0.1228210017198077,1,0.11545939134463601,1,0.20135834460908686,1
111,2022-12-18,19380.283,3927.776,0.0,0.0,3.7799995,6.571429,0.51,0.12769112,-11.589167,-15.705833,63.136906,8.397619,5.4000006,73.06346,1022.4744,1012.7733,16.047855,8.972371,-16.397535,0.1126638710697539,1,0.007651485386072521,1,0.1561125806907641,1,0.24017385355456333,1,0.0,1,-0.04738777509715553,-1,0.09951394332546759,1,0.15963697226443385,1,0.18437647056308176,1,0.1540613182065883,1,0.11475719134996099,1,0.17537530995242961,1,0.07038754640268363,1,0.0788607561558139,1,0.2301392371755434,1,0.15964734963585703,1,0.17296972900474583,1,0.27570319501854323,1,0.18049763140523745,1,0.1404832966614631,1
112,2022-12-25,19118.47,6078.626,0.0,0.0,0.0,0.0,0.67,0.12257581,-20.7475,-25.684702,29.82738,0.0,0.0,65.17058,1018.61847,1008.61066,19.476429,10.760945,-26.288881,0.10531065024464398,1,-0.0014861432606086966,-1,0.09798675484097008,1,0.24017385355456333,1,0.0,1,0.29695101169835014,1,0.04672630959675239,1,0.16357237279024717,1,0.18575869120824073,1,-0.00254040347704243,-1,-0.004963575472928361,-1,-0.02589043944007141,-1,0.17192137499684745,1,0.12865781305324342,1,0.20803106984978698,1,0.19113958752075644,1,0.20212831793497915,1,0.20675496499522544,1,0.10522594507954008,1,-0.007956059611123556,-1
113,2023-01-01,19464.156,2294.4517,0.014285714,0.0,0.42000002,4.857143,0.4642857,0.10257311,-6.287083,-9.348692,88.00596,0.0,0.61428577,79.19546,983.297,974.15814,14.048571,7.8023443,-10.598674,0.10774838456700375,1,0.00957226603019512,1,0.14742672929073108,1,0.23329705852779392,1,0.0,1,0.18598473648455788,1,0.12278783872498616,1,0.13705456083059225,1,0.1638854242671447,1,0.1957529806301333,1,0.17812621481186042,1,0.2084970494566155,1,0.17192137499684745,1,0.16364364127648218,1,0.2514256875684113,1,-0.08756865332200414,-1,-0.09199112504511409,-1,0.2602058599914518,1,0.22838969456386427,1,0.18995209570391342,1
114,2023-01-08,20416.838,7472.499,0.0,0.0,0.86999995,1.4285715,0.7714286,0.09999939,-9.76119,-12.67875,70.45238,1.5083333,1.2428572,80.313736,994.8345,985.4605,12.165,7.459099,-14.226152,0.10436165011196702,1,0.031468088531807825,1,0.14822559095693816,1,0.24017385355456333,1,0.0,1,0.15373891422632702,1,0.09801376049730048,1,0.14004252705623788,1,0.16375264669921868,1,0.19514741484342413,1,0.1517427611019957,1,0.1806417294973638,1,0.11664857683590185,1,0.16226449159795192,1,0.24488165107572085,1,0.15002734580344224,1,0.15572485712777584,1,0.23372161688536558,1,0.21911715934316695,1,0.19457863261637426,1
115,2023-01-15,21857.262,4996.971,0.0,0.0,0.54,3.857143,0.70857143,0.0891842,-7.028155,-9.529047,82.57143,0.49166664,0.7714286,82.484085,998.2167,988.9131,15.831428,8.431429,-11.446814,0.10591789763651377,1,0.01653314435399378,1,0.12165516337826954,1,0.24017385355456333,1,0.0,1,0.14273596286357149,1,0.11615756890788359,1,0.15970373654537962,1,0.15232454068040469,1,0.21488837459042714,1,0.1897016548933817,1,0.22842812357625386,1,0.14137736302821202,1,0.15345434901638244,1,0.22344199322880082,1,0.2019110089548462,1,0.21483245251725774,1,0.2585181411369793,1,0.2248231645218845,1,0.21954361003049022,1
116,2023-01-22,23631.264,8855.95,0.0,0.0,0.96000004,4.142857,1.2142857,0.118518606,-6.9850006,-9.795715,81.22024,1.4809524,1.3571428,80.53483,992.6929,983.4423,16.002855,8.459396,-11.434099,0.10311548946133087,1,0.025841505514019536,1,0.1591507629339312,1,0.24017385355456333,1,0.0,1,0.1707121233649047,1,0.13349680267878977,1,0.14166967665961855,1,0.18599522002847457,1,0.21533952585236138,1,0.19068446159113506,1,0.19910479094945516,1,0.13466478418902533,1,0.16582064968580246,1,0.25090418077187393,1,0.1096109655073838,1,0.10791921231734969,1,0.2699080852732825,1,0.2256785259845564,1,0.21610008753948423,1
117,2023-01-29,25698.447,3683.951,0.6857143,0.0,1.38,7.0,1.0057143,0.13578849,-2.2082143,-4.1790476,94.13691,1.5166665,2.6571429,86.568115,1018.2047,1008.88275,13.609284,6.6138434,-5.8294873,0.10283936419482309,1,0.019433959887792507,1,0.133460055488266,1,0.16701311828301235,1,0.0,1,0.14825912033816535,1,0.08623939336573949,1,0.12408370524900153,1,0.17810961276056808,1,0.2202714302281924,1,0.17120225554681678,1,0.1383600109600901,1,0.10969796239179636,1,0.15197321678384695,1,0.18351614103474917,1,0.20596605415234565,1,0.19817808331020342,1,0.25691367374611496,1,0.25822905025701015,1,0.20966359027508868,1
118,2023-02-05,27950.02,2516.0117,0.014285714,0.0,1.08,7.857143,1.4757143,0.1288895,-4.4352975,-5.779048,91.66667,0.0,1.5285715,90.504234,1004.159,994.89056,8.104286,4.7341723,-7.9640265,0.10561330710395106,1,0.031002266207020956,1,0.1424075355775346,1,0.23329705852779392,1,0.0,1,0.16280269674886094,1,0.10017899463345659,1,0.15010384305848495,1,0.1840346038660166,1,0.19746994780417237,1,0.20416757101528765,1,0.17728369565495056,1,0.17192137499684745,1,0.18824614236204362,1,0.04401271110065186,1,0.21125878979757418,1,0.21214231110976045,1,-0.021652668062021707,-1,0.1476887840393285,1,0.1829777715084533,1
119,2023-02-12,30268.682,4484.1396,0.014285714,0.0,2.1499999,9.857142,1.9014286,0.17436159,-8.043928,-10.387382,82.66071,0.4904762,3.0714285,83.46254,995.7744,986.4578,14.907857,7.675058,-12.411256,0.10810109936541612,1,0.03592136225087261,1,0.147179741510647,1,0.23329705852779392,1,0.0,1,0.026445230858467172,1,0.09273803510088946,1,0.13653005601813678,1,0.1919290251579988,1,0.21125381030928952,1,0.1900711156396399,1,0.22784915613180085,1,0.1478995301922887,1,0.14929265441819406,1,0.2391486609292401,1,0.15952374990299534,1,0.16301817757232095,1,0.25670066198365565,1,0.22075443719160737,1,0.2058984196389133,1
120,2023-02-19,32682.72,8884.915,0.0,0.0,1.0500001,8.0,2.8285713,0.23091766,-7.6427383,-9.968631,89.32143,0.0,1.5,83.59889,1006.0654,996.6669,16.054285,7.8340383,-12.002451,0.10596485935354011,1,0.040797486925582105,1,0.1646926093717505,1,0.24017385355456333,1,0.0,1,0.16203370791850558,1,0.11985126530861984,1,0.1141761841209189,1,0.1699405054707348,1,0.2177592847731058,1,0.18378622458836058,1,0.1872028096683913,1,0.17192137499684745,1,0.180333784377936,1,0.23633592913733725,1,0.23539037435740556,1,0.2259759424190152,1,0.27456172844465093,1,0.22380150599365684,1,0.2118650419337036,1
121,2023-02-26,35135.055,20034.062,0.0,0.0,0.9699999,4.428571,4.852857,0.31644318,-7.4046435,-10.123988,63.785713,0.0,1.3571428,81.49867,1020.63275,1011.1056,12.081429,5.8418756,-11.460734,0.10180440252978024,1,0.03513065506376212,1,0.15600184024284164,1,0.24017385355456333,1,0.0,1,0.1646463052687827,1,0.098523887696508,1,0.1180451815957545,1,0.13767351813576761,1,0.21161633642883293,1,0.19139807994693547,1,0.1790013781665707,1,0.17192137499684745,1,0.16582064968580246,1,0.2330301226958263,1,0.15482874607540253,1,0.17838300471878732,1,0.22103988597920965,1,0.25113006654166187,1,0.21945085108324158,1
122,2023-03-05,37568.543,22746.607,0.0,0.0,0.59999996,2.4285715,6.645714,0.44978064,-12.754346,-17.618631,61.470238,0.0,0.85714287,68.059525,1006.21783,996.63245,19.812857,10.147897,-17.922766,0.10288499818996605,1,0.03732744034828139,1,0.164464025081014,1,0.24017385355456333,1,0.0,1,0.13956230369508182,1,0.07646618044775644,1,0.14208119090973093,1,0.14992049951754843,1,0.13794689927624604,1,0.13308699157025494,1,0.16038173630545904,1,0.17192137499684745,1,0.1473503124915559,1,0.18484930239799474,1,0.23812927607830442,1,0.22875333398723546,1,0.15902273196673888,1,0.07943652364086651,1,0.13972958150889947,1
123,2023-03-12,40038.145,32793.02,0.0,0.0,0.0,0.0,9.365714,0.78835213,-5.32875,-11.4844055,39.4881,0.0,0.0,63.045555,1024.1625,1014.6762,12.291428,6.340314,-9.588357,0.103141762709058,1,0.04014282978358896,1,0.1796052695796072,1,0.24017385355456333,1,0.0,1,0.29695101169835014,1,0.04672630959675239,1,0.15614780795091515,1,0.13660011187351362,1,0.1896081119826475,1,0.19807191883047842,1,0.07893070025982474,1,0.17192137499684745,1,0.12865781305324342,1,0.18098656137949576,1,0.06921919186553638,1,0.07415802631421786,1,0.23788839727976985,1,0.24678963256677483,1,0.1968157351708218,1
124,2023-03-19,42505.043,25673.99,0.028571429,0.0,0.84999996,4.142857,9.108571,0.7921146,-6.6543455,-11.500773,73.22024,0.0,1.2428572,69.50041,1002.3852,993.05365,21.366428,10.400717,-11.486117,0.10636514411165227,1,0.03635006283427333,1,0.1675831696382874,1,0.20356685728101503,1,0.0,1,0.13349434051257403,1,0.13349680267878977,1,0.13146246290661784,1,0.1335926620450903,1,0.22159370536324868,1,0.19588321383881951,1,0.19800981972266574,1,0.17192137499684745,1,0.16226449159795192,1,0.22670409739446273,1,0.21151819459663368,1,0.2047190164712599,1,0.08848315779334515,1,0.0740065772597468,1,0.21682183737883293,1
125,2023-03-26,44947.246,24503.111,0.0142857,0.0,0.78000003,3.5714285,9.858572,1.0279869,-2.1144643,-7.6439285,78.6369,1.4714286,1.1142858,67.26115,1011.69403,1002.4334,17.935715,8.22597,-6.339089,0.10539662066915917,1,0.04041328903815755,1,0.16059419118506402,1,0.23329705852779392,1,0.0,1,0.14977325406319397,1,0.1066201388903254,1,0.1442945260990814,1,0.15989989829404627,1,0.22031866570825026,1,0.20192971019529532,1,0.22383752461593737,1,0.12319340346233176,1,0.14924687034287698,1,0.19801873153006339,1,0.27301394443225424,1,0.25787497679862054,1,0.2024834961986196,1,0.2513383103008396,1,0.19889941287225243,1
126,2023-04-02,47418.645,23365.268,0.0,0.0,0.32000002,4.285714,10.712857,1.0742482,-0.87458324,-5.481429,90.35714,0.0,0.4571429,72.923294,1015.381,1006.1308,13.6521435,6.530965,-4.6373787,0.10487456599736628,1,0.03552490437251432,1,0.1860833967367762,1,0.24017385355456333,1,0.0,1,0.1612792330253645,1,0.1147852878844412,1,0.12247386697629148,1,0.13613745394269477,1,0.23305727525227826,1,0.21449505835831,1,0.1694028193636794,1,0.17192137499684745,1,0.15184852339846666,1,0.22937851248164515,1,0.2383741398089127,1,0.24120250231087237,1,0.2547455052704663,1,0.2544478856152269,1,0.2198016778025002,1
127,2023-04-09,49878.008,18038.773,0.0,0.0,1.08,8.714286,10.611428,0.9869885,-3.6424406,-8.104941,78.672615,0.0,1.5285715,72.592354,1001.5143,992.2962,17.097857,8.080741,-7.8390946,0.10843173205992002,1,0.035346609592088685,1,0.1598524791181296,1,0.24017385355456333,1,0.0,1,0.16280269674886094,1,0.11089070878313478,1,0.11409430002314946,1,0.14214468558984944,1,0.17852746886366144,1,0.19893229270792423,1,0.2237920831162119,1,0.17192137499684745,1,0.18824614236204362,1,0.2224097696357084,1,0.21756016315757382,1,0.22176975871554422,1,0.242014363280048,1,0.24734231144842944,1,0.1826217950466535,1
128,2023-04-16,52319.055,18408.143,0.04285714,0.0,2.44,13.142858,11.947144,1.1644434,-2.2302382,-5.760596,95.80357,2.771732,3.5285716,77.93437,1004.5459,995.3472,16.519285,7.4078526,-6.118997,0.11065016668584282,1,0.03270932799939874,1,0.15845785768709542,1,0.16826011895230875,1,0.0,1,0.01110321856435792,1,0.0040695207009256995,1,0.13997538707945412,1,0.1266184441240571,1,0.2204220529322331,1,0.20568009078560362,1,0.04856731455787422,1,0.1268788757248987,1,0.14350916709747324,1,0.2512775665326653,1,0.22537255182786603,1,0.21993474866417195,1,0.2625363863637416,1,0.23259766227693418,1,0.204538813089851,1
129,2023-04-23,54782.03,44454.754,0.028571427,0.0,0.07,0.5714286,18.85,2.0320115,1.2096428,-4.746905,46.27381,7.9508657,0.12857144,66.73565,1014.7572,1005.5812,18.229286,8.83367,-2.7425685,0.11079969375212972,1,0.03654198059952507,1,0.11774612197296563,1,0.20356685728101503,1,0.0,1,0.16439968037443886,1,0.05100576206899554,1,0.11809331765927622,1,0.14292223331816778,1,0.22937521500086733,1,0.21220771940045063,1,0.1481942658986657,1,0.07312733275781513,1,0.11607393178870301,1,0.2080229984626764,1,0.23509696480354786,1,0.22432841590333824,1,0.2235094010208123,1,0.21544240295533534,1,0.2047195011209379,1
130,2023-04-30,57207.18,42891.438,0.5714286,0.0,0.17000003,3.2857144,19.244287,2.131672,1.8947619,-3.6236904,73.559525,12.563478,0.81428564,68.74273,1006.56195,997.4825,15.632142,6.691991,-1.5903215,0.11062255839656354,1,0.030757598268086217,1,0.13412702177426827,1,0.16447514402329017,1,0.0,1,0.14235841269746186,1,0.10854140963892456,1,0.09485868025937139,1,0.1306178839659407,1,0.19771436200608133,1,0.18097708913220406,1,0.19489506032123854,1,0.022997124233558486,1,0.15651493569699637,1,0.19516446108220953,1,0.23459753338677514,1,0.2353435942122723,1,0.2420988216496413,1,0.25705291206749126,1,0.1880949935166541,1
131,2023-05-07,59586.18,32929.035,1.1142857,0.0,1.64,6.285714,15.014285,1.935833,4.3944645,-0.88708335,92.55357,24.249598,3.457143,70.58344,1008.4315,999.4175,15.977141,6.363814,1.2397538,0.11282803660453661,1,0.034646832105199254,1,0.17892328505719485,1,0.12886943936809492,1,0.0,1,0.11398268400873435,1,0.09422484384319701,1,0.1349256081623526,1,0.11354145648120662,1,0.16526651568960582,1,0.15883192914457345,1,0.16785450994969964,1,0.014769100447665107,1,0.13713441521191516,1,0.2164696236956341,1,0.2610252026114804,1,0.2547430828908262,1,0.2688845172073928,1,0.2481598874010878,1,0.15065112618203513,1
132,2023-05-14,61927.395,37361.508,1.2285713,0.0,0.0,3.7142856,18.051428,2.7015152,8.1894045,1.5102383,74.61904,32.41168,1.2285713,64.9001,1013.0357,1004.10126,17.766428,6.9395423,5.38908,0.11330612986213379,1,0.03462743594918194,1,0.14960040383119133,1,0.1500354886768549,1,0.0,1,0.29695101169835014,1,0.11679795741761817,1,0.13743575603106395,1,0.13140324063193393,1,0.2211726867472143,1,0.17924426647935493,1,0.19674321324767569,1,0.06101982171944853,1,0.1532097826913555,1,0.2245876043718147,1,0.2552278200254217,1,0.24201179260914568,1,0.2139298334332853,1,0.2580507177390588,1,0.1957350118840923,1
133,2023-05-21,64129.332,39455.664,1.7714287,0.0,0.0,2.5714285,17.465715,2.8194256,10.0402975,3.0917857,83.82143,44.448284,1.7714287,64.11062,1019.7173,1010.7821,18.132858,7.412748,7.435031,0.11309853248386093,1,0.028895424360839028,1,0.12104258407911295,1,0.14963947193274968,1,0.0,1,0.29695101169835014,1,0.11702275159828368,1,0.11664793272964735,1,0.1347223218351431,1,0.2143614728732275,1,0.1719048042976804,1,0.210253921748625,1,0.044122191168640024,1,0.1762519216973581,1,0.20364455798558634,1,0.17897304879614373,1,0.17768738545947638,1,0.21766032052505957,1,0.23057340804484777,1,0.1658369446465081,1
134,2023-05-28,66146.766,23351.719,1.7857143,0.0,0.0,7.285714,12.834285,2.1677797,9.754881,3.2685716,85.99404,55.39453,1.7857143,66.80988,1009.6583,1000.80365,15.385714,5.740787,7.4182105,0.1146259300583834,1,0.021512727109238794,1,0.18532297643371476,1,0.1539141966267744,1,0.0,1,0.29695101169835014,1,0.11840512221680344,1,0.13995114542370524,1,0.12491491511403385,1,0.20618822906948564,1,0.16286661114441808,1,0.20633202151260882,1,0.09604791233476145,1,0.17829526576270477,1,0.20403175847193633,1,0.26634747274758924,1,0.24636060354222772,1,0.25442657785282513,1,0.23888355506452008,1,0.16568821657839372,1
135,2023-06-04,67918.64,15942.236,3.7142854,0.0,0.0,10.0,10.985715,1.8636187,8.599821,4.1947618,98.184525,68.2845,3.7142854,75.69446,1011.69763,1002.78906,19.193571,8.101269,6.0524936,0.11615704292515183,1,0.012318330946481604,1,0.1734117099891273,1,0.11833766187053751,1,0.0,1,0.29695101169835014,1,0.0912808121381321,1,0.11026765651471848,1,0.09755928473363296,1,0.20176612589638004,1,0.17492589838202233,1,0.014015629650012018,1,0.041888749549257365,1,0.12860188577760517,1,0.22463931801281595,1,0.2726355267854252,1,0.25727358771252223,1,0.18852791349270637,1,0.2439731830876382,1,0.19395102000304687,1
136,2023-06-11,69279.47,35891.707,4.0999994,0.0,0.0,9.714286,17.390001,2.9278712,12.498332,6.6563687,86.03571,57.258198,4.0999994,70.09338,1011.5381,1002.7514,16.575,6.1795187,10.834659,0.1166056442031288,1,0.019717692762800443,1,0.1376911837082378,1,0.10994933980803656,1,0.0,1,0.29695101169835014,1,0.08365078470780701,1,0.12455592900929124,1,0.09369253787721787,1,0.21270270505301309,1,0.1567427518066905,1,0.20424053292538408,1,0.09475937206693952,1,0.11700998465811063,1,0.21178651911686397,1,0.2716933116474799,1,0.2565345443040736,1,0.2541034647954279,1,0.2418754986067469,1,0.18431952184775185,1
137,2023-06-18,70119.65,37028.87,3.4142857,0.0,0.0,7.285714,16.217142,2.624166,10.883155,5.319762,79.98214,58.868267,3.4142857,70.52723,1012.2964,1003.45306,18.304285,7.096598,8.742895,0.11345929791257708,1,0.01116680805358694,1,0.13716631373543753,1,0.13858135723865384,1,0.0,1,0.29695101169835014,1,0.11840512221680344,1,0.14767817096523556,1,0.12790428027992723,1,0.17743483685868644,1,0.1522308386515724,1,0.18509588519264125,1,0.10013875511467246,1,0.14673424358400255,1,0.21797457103652462,1,0.25272930818836786,1,0.23827429781108211,1,0.22702850174260664,1,0.25161623674016664,1,0.17852969963394388,1
138,2023-06-25,70369.33,32341.39,3.414286,0.0,0.0,7.428571,15.484285,2.9136012,16.396547,11.245952,92.04167,54.12037,3.414286,74.460945,1013.5268,1004.8409,14.483571,5.4098525,16.078447,0.11148724157098161,1,-0.00035656829946217883,-1,0.16212147109272412,1,0.13858135723865384,1,0.0,1,0.29695101169835014,1,0.10099834418172227,1,0.12782175623866693,1,0.09232177581931789,1,0.1585568785530449,1,0.13553032908487017,1,0.19166467879423577,1,0.06883249426258164,1,0.14673424358400255,1,0.22489682260442856,1,0.24762421423170117,1,0.24414027799841403,1,0.2334208999639641,1,0.22686506677831064,1,0.1527270400807358,1
139,2023-07-02,69980.17,28804.346,4.485714,0.0,0.0,10.0,15.065714,2.4480503,12.833154,9.289405,83.2381,70.962135,4.485714,80.49798,1011.7077,1002.9303,14.033571,5.3132467,11.933156,0.10851585708742995,1,0.009431934077756221,1,0.16357911081943421,1,0.08659822458805255,1,0.0,1,0.29695101169835014,1,0.0912808121381321,1,0.12836998208849149,1,0.13339863505974942,1,0.2250941261438812,1,0.18346487864232536,1,0.2241223286491577,1,0.08323313531557874,1,0.10705368791860181,1,0.25188552360610106,1,0.27087228733392155,1,0.254761298148832,1,0.26064749910914875,1,0.235837537005953,1,0.19711347069096735,1
140,2023-07-09,68979.875,25343.121,6.3857145,0.0,0.0,10.142858,14.022858,2.2610562,12.563809,9.63494,89.25,75.961235,6.3857145,83.67831,1018.3768,1009.5332,15.364285,5.634835,11.71863,0.10936543517130953,1,0.015627105356320503,1,0.17247768501527116,1,0.046749774355008045,1,0.0,1,0.29695101169835014,1,0.0848084430515193,1,0.10618307672111293,1,0.11175797328932158,1,0.21859004494377027,1,0.18987698942111864,1,0.18510150934814973,1,0.08233820314959228,1,0.04724545679634584,1,0.23675891250251907,1,0.20146406352824708,1,0.19118980699983668,1,0.25730417482268525,1,0.24826110289601638,1,0.19391479853200227,1
141,2023-07-16,67513.336,19863.35,8.928572,0.0,0.0,8.142858,11.981428,2.1143534,14.470952,11.720059,92.30357,71.59297,8.928572,84.91308,1015.8691,1007.10535,12.340714,4.846051,14.342117,0.110050079848033,1,0.02085174336155393,1,0.16447506115000926,1,0.06537177254398896,1,0.0,1,0.29695101169835014,1,0.11276562957023029,1,0.14041917787380487,1,0.13494348915890703,1,0.20106465951035163,1,0.11003834066740092,1,0.17822183642900297,1,0.046163073320782955,1,0.05766342366698174,1,0.2142959037895722,1,0.2277785690280702,1,0.23078963190410434,1,0.23833942070643,1,0.1746002257981243,1,0.1791229428987106,1
142,2023-07-23,65714.766,40722.855,6.742858,0.0,0.0,7.428571,16.668571,2.7494557,15.774524,13.012024,60.97619,69.71935,6.742858,84.75549,1016.0602,1007.3337,12.351428,4.5451407,16.127832,0.11168217456459228,1,0.01572289215259115,1,0.10718170168762386,1,0.06902385509655717,1,0.0,1,0.29695101169835014,1,0.10099834418172227,1,0.11229130170462864,1,0.10911155084923474,1,0.18106983615721595,1,0.025239960527247973,1,0.17460295966284417,1,0.07157689249302024,1,0.07437697744224026,1,0.22887621442748707,1,0.2123275722339118,1,0.21571430630616967,1,0.23721875333067333,1,0.08824263994615111,1,0.15362532170189191,1
143,2023-07-30,63638.758,36688.195,1.9571428,0.0,0.0,5.285714,16.13857,2.6961422,15.968869,12.640892,61.017857,64.72296,1.9571428,81.617195,1018.13214,1009.3941,13.544999,5.1682954,16.091757,0.1107979325340292,1,0.03067512390616256,1,0.1323568414491999,1,0.16341750978420294,1,0.0,1,0.29695101169835014,1,0.13130132062556654,1,0.1408292011198623,1,0.13534421516973244,1,0.1825805173343299,1,0.06107450910275547,1,0.17702955997630265,1,0.07550781198580103,1,0.17100027131763573,1,0.24105071851549154,1,0.20496546936002513,1,0.19670141725796753,1,0.25457602419515196,1,0.226134833411882,1,0.1576325628032913,1
144,2023-08-06,61416.438,47452.02,0.35714287,0.0,0.0,0.42857143,18.724285,3.1793091,17.138216,13.062617,37.13095,55.449635,0.35714287,78.03267,1018.9238,1010.21356,13.900714,5.4991946,17.382067,0.1103523910899134,1,0.03400104308498153,1,0.06244872111998767,1,0.1669163843724773,1,0.0,1,0.29695101169835014,1,0.02241043972299983,1,0.11718228342888037,1,0.06433311034654399,1,0.12514106461515495,1,0.009074786521367284,1,0.05335115916422506,1,0.09107096945669324,1,0.15946605052237545,1,0.2523725036118298,1,0.20352332258942513,1,0.20817197680750377,1,0.26036218710075587,1,0.2286118077800282,1,0.0982638642738426,1
145,2023-08-13,59118.535,27784.951,4.642857,0.0,0.0,9.428572,11.887143,1.9745587,15.228393,12.845059,82.16071,77.57039,4.642857,86.48149,1003.7047,995.0689,11.843572,4.2049737,15.530893,0.10584942278341453,1,0.03844929403833541,1,0.14130533429081643,1,0.10484550103918733,1,0.0,1,0.29695101169835014,1,0.09789903009669804,1,0.1369235293369116,1,0.13630864213220878,1,0.22024607110800953,1,0.035922911783081046,1,0.2245396154656497,1,0.06374321328140442,1,0.1236991743374255,1,0.1936777924420527,1,0.20327483111182487,1,0.21112619258998366,1,0.16319139212359624,1,0.031866465926640775,1,0.14354619044886463,1
146,2023-08-20,56731.44,33486.11,4.7428575,0.0,0.0,5.714286,13.284286,2.0930288,13.60875,10.622737,76.08929,73.16099,4.7428575,83.19372,1014.6268,1005.8477,14.762143,5.91922,12.965158,0.11102313254639928,1,0.03331093197155954,1,0.16310206616547152,1,0.12264523856814658,1,0.0,1,0.29695101169835014,1,0.08735026665347434,1,0.10497263920540945,1,0.134813168624365,1,0.20467038664649767,1,0.16106117442502632,1,0.18986004684683733,1,0.04734280011284131,1,0.13192700531170543,1,0.24304550517811513,1,0.22868123185184452,1,0.23963338403747986,1,0.25722460046609846,1,0.2359003679026248,1,0.19341655593300738,1
147,2023-08-27,54329.887,19597.428,6.6285715,0.0,0.0,9.857142,9.364286,1.621424,14.442678,11.838808,84.559525,75.78479,6.6285715,85.24927,1014.86005,1006.10443,15.499285,6.5136266,14.07847,0.11176489284395902,1,0.03517670958617913,1,0.16776857921078597,1,0.07258658331788492,1,0.0,1,0.29695101169835014,1,0.09273803510088946,1,0.15578053835945027,1,0.11578704222611014,1,0.20254888955374983,1,0.10202758353120178,1,0.19895999412604426,1,0.07156179835012233,1,0.07780356962129975,1,0.21075620873256784,1,0.24546878090351582,1,0.23992623081992603,1,0.24242206979637465,1,0.2609872004339225,1,0.21560237807019117,1
148,2023-09-03,51928.438,17654.777,17.514286,0.0,0.0,18.428572,6.554286,1.1492789,12.28613,10.384643,93.66071,85.874855,17.514286,88.785034,1007.62384,998.86523,19.757143,8.244273,11.245759,0.10925105806581048,1,0.03337503013008192,1,0.18198842261877768,1,-0.22782126196544727,-1,0.0,1,0.29695101169835014,1,-0.26061050728804425,-1,0.13084440248210716,1,0.12941538352914528,1,0.20289413818249102,1,0.17728340953847055,1,0.1333347169321557,1,-0.01702061830338597,-1,-0.2503001732193374,-1,0.08415914804835656,1,0.2503724623902558,1,0.2443633504978192,1,0.1635723828784702,1,0.2526643953087579,1,0.19342959028771567,1
149,2023-09-10,49494.617,24840.146,6.157143,0.0,0.0,11.571428,9.26,1.3178726,9.748927,7.381369,82.79167,84.121994,6.157143,85.86861,1007.25116,998.4176,14.1449995,5.8585916,8.244489,0.10822554238544652,1,0.03091558699385344,1,0.1533766724368945,1,0.0554286216408878,1,0.0,1,0.29695101169835014,1,0.033022940067618745,1,0.1450575447851853,1,0.11253067987055809,1,0.2049062748642631,1,0.15725314601628437,1,0.22150002891331788,1,-0.0017997269679763672,-1,0.07124058605829342,1,0.19181424171886385,1,0.25538591954558065,1,0.2401135740642818,1,0.24487344852877924,1,0.2463055597926304,1,0.17600379907941854,1
150,2023-09-17,47078.906,11364.364,5.2857137,0.0,0.0,12.428572,5.877143,0.8674033,8.100417,6.0775,94.7619,90.18746,5.2857137,87.668106,997.3482,988.55084,15.396428,6.9790983,6.1176744,0.11239803200789322,1,0.04006262165843566,1,0.15693286636468123,1,0.04149682638186436,1,0.0,1,0.29695101169835014,1,0.010855384670432455,1,0.11904743869533307,1,0.13033961317300158,1,0.2112196165776502,1,0.14680954441938698,1,0.11892375861106907,1,-0.12518242231112564,-1,0.103005792428153,1,0.13720939442386704,1,0.22074227004077424,1,0.20666393871099104,1,0.2520669147114134,1,0.2591579998858788,1,0.1880230129043305,1
151,2023-09-24,44666.395,24283.295,2.2571428,0.0,0.0,4.857143,7.3671427,0.9964432,7.0822616,3.8831546,74.11904,66.38338,2.2571428,81.192505,1004.35956,995.46796,11.511429,5.1523857,4.897675,0.11202335693205084,1,0.03995431805930383,1,0.15918694322675592,1,0.14906587180130865,1,0.0,1,0.29695101169835014,1,0.12278783872498616,1,0.142078935515422,1,0.14235319674914343,1,0.23564108460443794,1,0.17766628456850492,1,0.19938503230273036,1,0.06634769563888643,1,0.16258960228918407,1,0.24728661047873457,1,0.22189061984204278,1,0.22148360123769606,1,0.13065880864017443,1,0.2193811406236929,1,0.2229832951527419,1
152,2023-10-01,42229.87,27593.344,0.9142858,0.0,0.0,3.142857,8.054286,0.98512983,5.2849402,1.5039883,53.13095,33.181923,0.9142858,77.73812,1007.2923,998.3172,12.034286,5.6352553,2.6013527,0.10856745214695168,1,0.03425174841440104,1,0.14860060713302836,1,0.12039345632310505,1,0.0,1,0.29695101169835014,1,0.09766257498229558,1,0.1247932046179453,1,0.14203400011027079,1,0.18481832922223457,1,0.1780558988922179,1,0.10588656615093117,1,0.06196663817705195,1,0.15569415092011685,1,0.24514131534909,1,0.2577292768943764,1,0.234631690421028,1,0.20968104745100863,1,0.24826110289601638,1,0.17011642279212436,1
153,2023-10-08,39817.137,14861.69,3.9857144,0.0,0.21000002,8.857142,4.8671427,0.68166226,3.6852384,1.1542858,71.25595,30.169722,4.2857146,84.80663,1005.3036,996.29425,17.31,8.39641,0.59704506,0.10495366367483489,1,0.03897537198591283,1,0.18429820666313618,1,0.12008815751683166,1,0.0,1,0.1684756913440686,1,0.09365965509232227,1,0.12024226559229512,1,0.11498966728030563,1,0.1816265532757086,1,0.17769248882263666,1,0.18312763942153681,1,0.028704659918019737,1,0.11475082088713262,1,0.2274657116045859,1,0.21729473023983548,1,0.22277524148974553,1,0.2321127119009373,1,0.217879266121201,1,0.17334459686701648,1
154,2023-10-15,37397.01,10245.6455,2.1571429,0.0,0.56,7.142857,3.617143,0.46591544,2.5036905,0.34892866,93.22024,12.141083,2.9571426,86.391685,997.4554,988.4791,15.057857,7.1221848,-0.57067263,0.10278545833972591,1,0.03221194382322656,1,0.10566474798244296,1,0.15054951378093168,1,0.0,1,0.16398846634578257,1,0.11727316912481678,1,0.14215652427725323,1,0.15232494318635798,1,0.18717591850235876,1,0.1852789168167892,1,0.14165979658979388,1,0.04585452165457404,1,0.16092808291899424,1,0.1912746350985398,1,0.21593727672629798,1,0.20983489463373328,1,0.2522450108798782,1,0.25442093148055217,1,0.1777518885733409,1
155,2023-10-22,34960.543,24016.67,0.014285714,0.0,0.0,0.14285715,5.1800003,0.74978894,0.43583328,-6.433809,46.232143,10.828437,0.014285714,63.004997,1011.30597,1002.1334,16.124998,8.211267,-3.4993806,0.10256775997807221,1,0.03413364874666458,1,0.16787061214109572,1,0.23329705852779392,1,0.0,1,0.29695101169835014,1,0.041857234450394576,1,0.09875837023321032,1,0.12473842971756038,1,0.20329318727780132,1,0.19137061176128267,1,0.14624043043541912,1,0.06638308564269135,1,0.10230029775110572,1,0.1763701695256195,1,0.2573451943933027,1,0.2557867565534331,1,0.2595160849081002,1,0.24806500095561496,1,0.2034550200968716,1
156,2023-10-29,32571.729,22701.01,0.0,0.0,0.01,0.14285715,4.0114284,0.5028747,-0.6909523,-8.104643,74.934525,0.0,0.014285714,58.25982,1031.3208,1021.9315,9.143571,4.83403,-4.4768934,0.10863006934362063,1,0.04318749211406531,1,0.16444403982721556,1,0.24017385355456333,1,0.0,1,0.13547573124848034,1,0.041857234450394576,1,0.09986493877647906,1,0.14875950590341352,1,0.2125660105525527,1,0.1987780893867141,1,0.19671823471300265,1,0.17192137499684745,1,0.10230029775110572,1,0.12272349491344148,1,-0.08893754893728723,-1,-0.09515032721509686,-1,-0.008810203130629968,-1,0.1690207777724786,1,0.20280941755035237,1
157,2023-11-05,30196.238,12396.134,0.42857146,0.0,0.19000001,3.4285715,2.2657142,0.29095608,1.0685714,-1.7552379,75.25,0.0,0.7000001,82.013054,1008.0512,998.93274,12.677142,6.9944425,-2.3182316,0.10972234054074725,1,0.03508352881975585,1,0.16701075729846354,1,0.13959053814682248,1,0.0,1,0.15001475008061627,1,0.09636795228338974,1,0.10534172328622438,1,0.15191757389265914,1,0.23404099651218108,1,0.16677823548034404,1,0.1860710002188795,1,0.17192137499684745,1,0.16305501791682125,1,0.2393091811858582,1,0.24055245035984918,1,0.2469202676335744,1,0.23311302220585578,1,0.2535745993320164,1,0.21549841411136328,1
158,2023-11-12,27863.129,7289.9487,0.32857147,0.0,4.0899997,11.142858,1.5171429,0.13736244,-3.860298,-5.3409524,88.922615,4.532143,6.1714287,89.64406,990.38806,981.26514,12.629999,6.1738358,-7.5508914,0.1075939418579871,1,0.031615806997243645,1,0.15525291588813844,1,0.1568959494391276,1,0.0,1,-0.13197809741039657,-1,0.06550789576849936,1,0.15070934698149308,1,0.18116033853345054,1,0.16779643813908696,1,0.20358229166053826,1,0.19475502634386205,1,0.07004568316557569,1,0.06587105787435144,1,0.05724880320136416,1,0.0970509279766607,1,0.10174446049774433,1,0.23332636707849563,1,0.2427238456824592,1,0.16761170124244018,1
159,2023-11-19,25676.85,11356.547,0.0,0.0,2.8000004,7.714286,1.5542858,0.16173245,-8.665357,-11.416845,64.22619,5.914286,3.9857144,80.88048,1003.54236,994.123,16.53857,8.193937,-13.082276,0.10442545688260346,1,0.020797574423849885,1,0.15824011154092932,1,0.24017385355456333,1,0.0,1,-0.01058330537203278,-1,0.09844921667828893,1,0.14098637106142053,1,0.18166176796486155,1,0.20205864501445892,1,0.19720348122076986,1,0.19674791463372227,1,0.03485081537406176,1,0.1253079352303118,1,0.24873628323348557,1,0.22076711246885783,1,0.214019497278244,1,0.2592505998720713,1,0.25088555892384296,1,0.18551561691963198,1
160,2023-11-26,23632.457,5835.5034,1.5857143,0.0,0.11,4.428571,0.9114286,0.14612688,-4.7891665,-7.9638686,75.672615,0.9904762,1.7428572,78.701614,1009.7137,1000.3756,15.15,8.066721,-8.861828,0.10419538441832044,1,0.025841505514019536,1,0.11086557324460888,1,0.1508362963213697,1,0.0,1,0.14981516868850586,1,0.098523887696508,1,0.15349005443297115,1,0.18179054909106124,1,0.21612098746149538,1,0.19940131066916805,1,0.18334136563528985,1,0.10302658427212041,1,0.16875639406964787,1,0.2456319186466583,1,0.2658592460825565,1,0.2589755102369031,1,0.2603143178585651,1,0.24672598048509825,1,0.1924360279353548,1
161,2023-12-03,21827.543,4760.738,0.24285714,0.0,0.88000005,4.285714,0.6685714,0.2317398,-4.219524,-7.6954165,87.66071,0.4892857,1.4857142,77.36944,994.6833,985.50793,18.741428,9.680384,-8.598863,0.10937516937888386,1,0.015112616327104922,1,0.13448747522646298,1,0.1458851134378502,1,0.0,1,0.1701788219402653,1,0.1147852878844412,1,0.16264647102266255,1,0.17033212490497057,1,0.18437430900910817,1,0.2011975329037124,1,0.20942205233753636,1,0.1404376831380058,1,0.18106153884504383,1,0.24423514068275087,1,0.1551025969592409,1,0.1581166551547466,1,0.22900906843662577,1,0.12560028644934795,1,0.19214796950504343,1
162,2023-12-10,20427.303,2255.1577,0.014285714,0.0,1.1900002,8.0,0.55714285,0.15877175,-9.98887,-13.262679,85.797615,0.49166664,1.7142856,77.45281,995.6125,986.2282,19.320002,9.847005,-14.888559,0.1031957547950082,1,0.03115833790800604,1,0.1486990993553965,1,0.23329705852779392,1,0.0,1,0.1450549110473094,1,0.11985126530861984,1,0.1535520043249381,1,0.1870111166625652,1,0.18355565195718804,1,0.1317348916185197,1,0.20235144951318346,1,0.14137736302821202,1,0.1684367470835615,1,0.24503412014780174,1,0.1657541652457828,1,0.15144518231331572,1,0.19928010986536848,1,0.14242059966955656,1,0.17187135057625552,1
163,2023-12-17,19488.146,2267.2698,0.014285718,0.0,3.6599998,10.428572,0.42285714,0.07222252,-9.4805355,-11.437976,87.52381,4.009524,5.2428565,85.75966,993.2345,983.88947,16.705713,8.477506,-14.026477,0.10214170730921773,1,0.010776329158918907,1,0.15273679266385798,1,0.23329705852779392,1,0.0,1,0.007759558674501621,1,0.04823120629025357,1,0.1267052358699925,1,0.12487464502538437,1,0.1788338332291603,1,0.198356148829053,1,0.2065515462337688,1,0.1036562715351837,1,0.0877166257751868,1,0.18651738835135,1,0.1162785702201441,1,0.11040378214473234,1,0.25035171583670407,1,0.22482209566310385,1,0.1887589936569748,1
164,2023-12-24,19105.33,929.6356,0.014285714,0.0,3.26,8.428572,0.3942857,0.06612043,-8.476666,-10.433215,92.64286,4.9416666,4.6714287,86.00579,991.28033,981.99023,14.335714,7.619719,-12.840474,0.10298335934782521,1,-0.026665342728806718,-1,0.046231773275115184,1,0.23329705852779392,1,0.0,1,0.019630149241253725,1,0.1051684688952389,1,0.121026875382646,1,0.10316054571146371,1,0.20180879877623115,1,0.18560715025749075,1,0.16800073780794694,1,0.07121941788424768,1,0.1292434286132188,1,0.18711890639356005,1,0.13656268225394086,1,0.1153827084159531,1,0.23763469722142477,1,0.21886153950005388,1,0.20046009604753912,1
165,2023-12-31,19361.688,4235.2866,0.014285714,0.0,0.29,2.7142856,0.58285713,0.043516915,-17.474285,-19.710297,66.34524,0.0,0.42857143,83.15593,1003.5572,993.8214,12.467142,6.6164126,-22.207998,0.1050913033975388,1,0.005619882065956094,1,0.15608487881120264,1,0.23329705852779392,1,0.0,1,0.17450558957984352,1,0.10288336273979376,1,0.15129940897308308,1,0.006423241009641867,1,0.03874169360048507,1,0.04694435063422231,1,0.18981680872602386,1,0.17192137499684745,1,0.1537162700722985,1,0.2451933120662183,1,0.22144952729064116,1,0.1941651742197371,1,0.22607790971799202,1,0.2567396322757196,1,0.010882997514556458,1
166,2024-01-07,20223.424,4186.5493,0.0,0.0,0.29999998,1.8571428,0.59000003,0.12505417,-7.9844055,-11.493334,83.315475,0.0,0.41428572,76.28074,1001.7642,992.3939,15.167142,8.089765,-12.51055,0.10142576205708004,1,0.0325556235469362,1,0.15424332071380753,1,0.24017385355456333,1,0.0,1,0.16493171402451356,1,0.06160712305115634,1,0.14606698771625987,1,0.18621751359944738,1,0.2137990047689824,1,0.19777376831975585,1,0.22393221039293199,1,0.17192137499684745,1,0.16030690887706145,1,0.2327289663637901,1,0.21182429068173902,1,0.21355795588550808,1,0.2563768214680787,1,0.24725018251128567,1,0.19172973054012427,1
167,2024-01-14,21561.387,9063.643,0.0,0.0,0.78000003,3.7142856,0.87142855,0.071905255,-9.0475,-11.835595,74.309525,0.4892857,1.0857143,80.438835,1011.547,1002.0454,12.2228565,6.6874895,-13.356125,0.1021208677438879,1,0.024845090027329486,1,0.15572600249786217,1,0.24017385355456333,1,0.0,1,0.14977325406319397,1,0.11679795741761817,1,0.16302784544347787,1,0.12476839899150743,1,0.16926850474386035,1,0.1764498423066509,1,0.19898005315997047,1,0.1404376831380058,1,0.13573772518941624,1,0.25198800089567247,1,0.27239373105988834,1,0.2556848883790524,1,0.23941484495795656,1,0.2574542509174912,1,0.17062468498722672,1
168,2024-01-21,23290.021,14808.995,0.0,0.0,0.02,0.2857143,1.4742857,0.14887471,-13.111487,-17.339762,22.470236,0.0,0.028571429,71.60307,1021.8608,1012.11426,13.615714,8.071207,-17.956415,0.10282870175309405,1,0.024248250340862976,1,0.1907702514723162,1,0.24017385355456333,1,0.0,1,0.13740954263994365,1,0.009267527837950373,1,0.1496241672752771,1,0.17764319073397217,1,0.14031476869781645,1,0.08975316194398664,1,0.016707793128522885,1,0.17192137499684745,1,0.07690165093312196,1,0.2128814579984935,1,0.19415576700296655,1,0.18533494113562432,1,0.2573609535099236,1,0.2473837039427545,1,0.12657931413987356,1
169,2024-01-28,25334.062,15815.187,0.0,0.0,0.060000002,0.5714286,1.9585714,0.118907675,-21.170118,-26.352558,20.95238,0.0,0.08571429,63.909065,1000.2108,990.3686,13.919999,7.8078284,-26.306826,0.10186485012190305,1,0.0206548513953545,1,0.17585392450872817,1,0.24017385355456333,1,0.0,1,0.17104716491802313,1,0.05100576206899554,1,0.1417023693903991,1,0.18848754289301944,1,-0.004577855849543622,-1,-0.040420217661913616,-1,-0.001852875241817431,-1,0.17192137499684745,1,0.10872406899040082,1,0.17968775174013574,1,0.17327821678527322,1,0.17479579650154908,1,0.25805418050370627,1,0.22869883973549682,1,-0.008185125209037025,-1
170,2024-02-04,27532.277,13630.333,0.014285714,0.0,2.0399997,8.142858,2.2271428,0.077437684,-22.846605,-25.802261,53.011906,2.4547617,2.9285717,77.28282,1005.40656,995.4394,14.547857,7.3384814,-27.858072,0.10416784918216188,1,0.028681652019648785,1,0.16677179227949068,1,0.23329705852779392,1,0.0,1,0.048176090073220434,1,0.11276562957023029,1,0.11404730935459306,1,0.12748141683610836,1,-0.05498936833434409,-1,-0.0025595551726933508,-1,0.11702957882061227,1,0.13276707539404725,1,0.16049415650288068,1,0.23992373207393158,1,0.2190851219196055,1,0.2234677459927637,1,0.24095208949741215,1,0.23599750337037845,1,-0.050397836460784995,-1
171,2024-02-11,29847.604,13075.733,0.0,0.0,0.48,2.7142856,2.8142858,0.27655083,-6.139167,-9.183512,87.86309,0.4940476,0.6857143,79.51714,1003.46436,994.14124,16.853573,8.52678,-10.54551,0.10523584932664093,1,0.03650159942517306,1,0.16889438133401063,1,0.24017385355456333,1,0.0,1,0.17650310197506686,1,0.10288336273979376,1,0.11283415016741827,1,0.13765713757050763,1,0.1894333668913914,1,0.1729245818888407,1,0.20734823411944475,1,0.12812008510101297,1,0.17317772705533901,1,0.23695066135366977,1,0.21425645362531165,1,0.21271096996676359,1,0.24706637701850492,1,0.22952329912673308,1,0.18935962948101703,1
172,2024-02-18,32266.434,14657.347,0.08571429,0.0,0.14,2.0,3.5785713,0.5676778,-2.6534524,-10.141846,62.142857,0.95951015,0.2857143,58.852657,1012.4047,1003.1201,12.589286,7.3214655,-6.9102616,0.10515779698901662,1,0.0463670233298627,1,0.18700714894249504,1,0.16514569012673563,1,0.0,1,0.13877889337004123,1,0.060219771872755734,1,0.15383437231712832,1,0.15431923027986794,1,0.20639381190151151,1,0.1915552325688581,1,0.1694572882970945,1,0.08688839418892835,1,0.12254420019815299,1,0.156732333084309,1,0.2547791471591755,1,0.24538589102638952,1,0.2316382603060791,1,0.23760749344276483,1,0.18993380312126185,1
173,2024-02-25,34689.69,6856.4507,0.8285713,0.0,3.3300002,11.571428,3.3957143,0.5134001,-1.6980951,-5.3983927,83.48214,7.7532296,5.585714,76.59266,1003.89825,994.7209,20.738571,9.6462965,-5.857982,0.10639205958310843,1,0.03633317469478892,1,0.10646677637441948,1,0.12936878724895734,1,0.0,1,0.03288244232248283,1,0.033022940067618745,1,0.15556658623805125,1,0.1467234385980215,1,0.231143927138167,1,0.21312879472022783,1,0.21756794582287864,1,0.06927354892628035,1,0.08413218257686517,1,0.23705457602793784,1,0.20236892068014617,1,0.21317027667999833,1,0.11946664072370361,1,0.12483866430869961,1,0.21044754315202763,1
174,2024-03-03,37136.027,21890.365,0.0,0.0,0.089999996,1.2857143,6.797143,0.4524472,-14.5013685,-19.882618,62.345238,0.0,0.12857144,64.49618,1007.1888,997.5298,23.987143,11.926862,-20.026041,0.09955465460359902,1,0.031997541642996175,1,0.1478297304728881,1,0.24017385355456333,1,0.0,1,0.13311711229997414,1,0.057740035542738655,1,0.15428749650677592,1,0.1543129008075994,1,0.09483483158672057,1,0.03302493256066796,1,0.164834908762034,1,0.17192137499684745,1,0.11607393178870301,1,0.2316322089205497,1,0.24579203678438072,1,0.23167784658250923,1,0.05083662407468803,1,-0.029691280373359996,-1,0.09250348839146894,1
175,2024-03-10,39612.133,17704.03,0.0,0.0,0.57000005,4.285714,7.0385714,0.5348297,-6.6415477,-9.728453,87.63096,0.0,0.8142857,79.34682,1000.3482,991.0374,13.026428,6.956971,-10.852923,0.10053194246623826,1,0.03737655735169387,1,0.17926535253673537,1,0.24017385355456333,1,0.0,1,0.15213066651017293,1,0.1147852878844412,1,0.14750353477547723,1,0.1461660902613624,1,0.22022483790385594,1,0.19600202254122495,1,0.2113152754977674,1,0.17192137499684745,1,0.15651493569699637,1,0.2447233567672386,1,0.17870231033501782,1,0.17912592382393855,1,0.2156653936828547,1,0.25947637758934006,1,0.19539426429501155,1
176,2024-03-17,42058.332,25154.092,0.014285714,0.0,0.47000006,3.857143,8.184286,0.7290238,-4.810298,-8.722798,77.92857,0.0,0.6857142,75.15861,1000.71246,991.46124,15.690001,7.8370314,-9.064137,0.10015861366081846,1,0.03391044737868398,1,0.17204943531189937,1,0.23329705852779392,1,0.0,1,0.1652416083693854,1,0.11615756890788359,1,0.13568511154830093,1,0.11937022475974024,1,0.21545160108174244,1,0.16150975529980272,1,0.20425337546175487,1,0.17192137499684745,1,0.17317772705533901,1,0.22763735965644133,1,0.1916120369378015,1,0.18723675739126033,1,0.25540016929361303,1,0.22486113739172486,1,0.1938538909283664,1
177,2024-03-24,44517.184,19434.982,0.15714288,0.0,0.20000003,2.7142856,8.612857,0.89824325,0.3272024,-2.832619,85.38096,5.122444,0.44285712,80.47628,1017.1077,1007.88086,10.349999,5.080907,-2.919299,0.10355220839337803,1,0.03940512187347911,1,0.16659207487349303,1,0.1618031857147063,1,0.0,1,0.15604697160093217,1,0.10288336273979376,1,0.14191301496389785,1,0.13525407516929566,1,0.20702601455430597,1,0.17835436496184404,1,0.20064166265413147,1,0.08447908513524705,1,0.1523689088989444,1,0.25214793330247126,1,0.2044123384969348,1,0.21588098366867253,1,0.07503123041725179,1,0.21734556869270727,1,0.1913795326244181,1
178,2024-03-31,46988.965,8927.064,1.2714285,0.0,0.9,9.571428,7.444286,0.88650644,1.026012,-2.338274,89.922615,3.80271,2.5571427,79.244865,1002.24347,993.17535,13.009286,6.379252,-2.3432338,0.11061676819225241,1,0.0388185287440268,1,0.1708958670214279,1,0.15180393622960298,1,0.0,1,0.16224758502573855,1,0.07617803063813933,1,0.15115716368762422,1,0.1404384738576267,1,0.2322174765554641,1,0.15064639040216288,1,0.19155404783932362,1,0.0945516266673439,1,0.15450518647579703,1,0.24960395424989024,1,0.2110461958813108,1,0.20544204651907444,1,0.2128246375196407,1,0.25004361027848604,1,0.2216644737637457,1
179,2024-04-07,49430.4,20139.156,0.14285715,0.0,1.3000001,8.714286,10.742857,1.0328499,-2.5870833,-6.0207143,82.02381,0.4904762,2.0,78.41541,1007.7833,998.5429,14.447143,6.390503,-6.361034,0.11270717847324463,1,0.030057362879160276,1,0.159940117631312,1,0.1676190204524079,1,0.0,1,0.1449434940572748,1,0.11089070878313478,1,0.12073161645215258,1,0.15932019613992165,1,0.20697688891789984,1,0.2021975051677672,1,0.2249434086834713,1,0.1478995301922887,1,0.1784820088115187,1,0.2511514203785195,1,0.24748432792210323,1,0.23577500034103543,1,0.23580412197771072,1,0.24519912795424748,1,0.1998663844866339,1
180,2024-04-14,51891.438,33185.535,0.028571432,0.0,1.41,5.714286,14.785714,1.4496813,-1.6561309,-5.9230957,59.267857,2.041204,2.0285716,73.9599,1004.9672,995.7842,15.471428,6.9523673,-5.4912353,0.11381097825756392,1,0.03230089089265353,1,0.17272852194283672,1,0.20356685728101503,1,0.0,1,0.16835696326148097,1,0.08735026665347434,1,0.1406158403731217,1,0.1205064158413528,1,0.23706903787576178,1,0.19584328711806087,1,0.14156891925548176,1,0.1278741516759916,1,0.1722075018180434,1,0.2202543928173415,1,0.23083565351624763,1,0.21590875042179902,1,0.25034098080521605,1,0.2591072339706385,1,0.21664251606776314,1
181,2024-04-21,54351.9,34860.57,0.0,0.0,0.0,0.0,16.21143,2.0548265,2.2858334,-6.3189287,60.88095,5.181205,0.0,56.007454,1022.7524,1013.5385,11.335714,5.715554,-1.3704511,0.10868664357075802,1,0.035956738673752486,1,0.11436343021575324,1,0.24017385355456333,1,0.0,1,0.29695101169835014,1,0.04672630959675239,1,0.14793867204578653,1,0.12787950975613543,1,0.18615160712776962,1,0.1875685617535951,1,0.17084419371091109,1,0.06670157907902663,1,0.12865781305324342,1,0.0521823998209584,1,0.14672568201579494,1,0.14672724272048,1,0.1186331586701963,1,0.23509360893167625,1,0.17767149946929467,1
182,2024-04-28,56766.043,45801.754,0.028571429,0.0,0.0,0.14285715,20.95143,2.464332,4.117083,-2.6329167,37.17857,17.760698,0.028571429,64.33654,1011.08984,1002.04236,10.6992855,5.1651645,1.0149769,0.11371272463830479,1,0.0302821061396229,1,0.10567022484230293,1,0.20356685728101503,1,0.0,1,0.29695101169835014,1,0.041857234450394576,1,0.035585254974655034,1,0.13957133889709478,1,0.1684525023579686,1,0.17467630739123446,1,0.05463214858311283,1,0.056661945249563805,1,0.07690165093312196,1,0.22104923439063395,1,0.2604475707502724,1,0.25580894274304256,1,0.06794528052279847,1,0.229905923112263,1,0.15203080143005554,1
183,2024-05-05,59175.633,32694.72,0.3857143,0.0,0.0,2.2857144,15.570001,2.0187457,5.966488,1.6263095,82.16667,35.369972,0.3857143,75.214195,1009.35175,1000.37976,13.540713,5.4319634,3.3809452,0.10972260403062539,1,0.037915838290167536,1,0.17714946734873044,1,0.1545877856891384,1,0.0,1,0.29695101169835014,1,0.06031140730307516,1,0.13874994876711583,1,0.1458953373331079,1,0.1759887790716118,1,0.1674783433103102,1,0.2242465529319368,1,0.04889665578487701,1,0.14665562250756853,1,0.22471737574130246,1,0.2655387003711988,1,0.259677719778116,1,0.2507865014564523,1,0.23419063564684883,1,0.15458668030184308,1
184,2024-05-12,61523.168,30574.463,4.285714,0.0,0.43,7.714286,14.872857,1.9773681,5.0858335,0.52690494,82.92857,32.77136,4.9,74.988655,1005.4035,996.4382,17.648571,6.974276,2.0749035,0.11022295264243892,1,0.031445168878621144,1,0.16032588740273834,1,0.11379867161269153,1,0.0,1,0.17195164384861128,1,0.09844921667828893,1,0.13811572790011833,1,0.1384754861439199,1,0.17947631311662504,1,0.18350896156270863,1,0.21620619896898075,1,0.059524142430322335,1,0.11658973997070937,1,0.2216742611594808,1,0.21933602933892454,1,0.22436988050027012,1,0.2368614836713156,1,0.258378068285341,1,0.15876437036059776,1
185,2024-05-19,63736.773,45134.832,1.2428571,0.0,0.030000001,3.857143,19.167143,2.5529606,7.435238,2.6435716,69.47024,46.64666,1.2857143,73.468315,1013.3595,1004.3989,16.491428,6.37964,4.897172,0.11473590701047487,1,0.030469072999009028,1,0.11258331198267013,1,0.1501902584003218,1,0.0,1,0.12307979653790846,1,0.11615756890788359,1,0.11587880212772828,1,0.1362469833518392,1,0.22283911756959662,1,0.15330424782667107,1,0.17422279681788172,1,0.06696957456567287,1,0.15750876462913627,1,0.22195941831930804,1,0.24164416542214567,1,0.23696931719425435,1,0.2600097660448325,1,0.2501908848771278,1,0.2229832951527419,1
186,2024-05-26,65814.64,33633.277,1.9857142,0.0,0.0,6.428571,15.245714,2.1789696,8.349226,4.1658926,81.79167,60.331936,1.9857142,76.558365,1009.6048,1000.7064,14.618571,5.4305253,6.205517,0.11798968257843345,1,0.0167165969774421,1,0.15838667660572536,1,0.1720299636460737,1,0.0,1,0.29695101169835014,1,0.0951095420983959,1,0.11981152150455121,1,0.13047119240653876,1,0.21308292317872624,1,0.17089010034097835,1,0.21291591523262293,1,0.07495230589984314,1,0.17556745637359727,1,0.23657169356552588,1,0.2702197925829717,1,0.24783348502746988,1,0.2513159634685053,1,0.23350811547417566,1,0.18032133695427027,1
187,2024-06-02,67633.98,26080.203,2.0142858,0.0,0.0,5.857143,14.401428,2.2322757,9.990892,5.515,84.44643,66.98936,2.0142858,76.211586,1008.9858,1000.1439,14.046428,5.25151,8.199831,0.11316548178244207,1,0.01718929073149944,1,0.1525148362969317,1,0.16426110319066217,1,0.0,1,0.29695101169835014,1,0.08907972240531847,1,0.10802632834375869,1,0.12635380478935204,1,0.2089376976874477,1,0.159333476193672,1,0.1982650496510343,1,0.055299898815202586,1,0.17912124667902668,1,0.23381981454061584,1,0.26648093501373665,1,0.2507619988879096,1,0.2608725711526633,1,0.20929509360844795,1,0.16260541116507743,1
188,2024-06-09,69059.71,38199.035,2.9857142,0.0,0.0,4.142857,17.39143,2.7365644,11.821845,6.8751187,80.53571,58.5814,2.9857142,73.704796,1004.7744,996.0255,14.79,5.308131,10.33182,0.11217462804343026,1,0.0187578728646125,1,0.14887970099987818,1,0.10680148571077408,1,0.0,1,0.29695101169835014,1,0.13349680267878977,1,0.12421890802934771,1,0.11301672746160807,1,0.2015822379126051,1,0.16009288211814166,1,0.1958560680586689,1,0.0964812158949585,1,0.16034704902061692,1,0.21382063926611622,1,0.22840403963448475,1,0.2151572522089002,1,0.25348205260123013,1,0.23327295249206892,1,0.1803161122757454,1
189,2024-06-16,70015.85,40791.402,2.3142855,0.0,0.0,4.0,18.12143,3.020395,13.419762,8.389999,62.202385,57.402504,2.3142855,73.440636,1015.37854,1006.58575,14.4492855,5.5234666,12.30856,0.11374336731459683,1,0.009805178003150394,1,0.11535135914852568,1,0.142134909695317,1,0.0,1,0.29695101169835014,1,0.09509741808953448,1,0.1420884151839663,1,0.08566856006412504,1,0.20810455478896756,1,0.18899204112344026,1,0.1710521606635521,1,0.09363523987024613,1,0.15048889663045623,1,0.22183974322111066,1,0.23883104719208814,1,0.23350295027477452,1,0.23547284299712268,1,0.2278463955874766,1,0.20537754495732935,1
190,2024-06-23,70382.055,60573.19,0.34285712,0.0,0.0,0.85714287,25.258572,4.2448215,16.079287,8.794166,32.93452,36.889595,0.34285712,64.145676,1013.31726,1004.6222,16.133572,5.874404,15.066373,0.11292932021581781,1,-0.01979054036329031,-1,-0.08891888079789423,-1,0.16592398777759654,1,0.0,1,0.29695101169835014,1,0.04354578917086238,1,-0.09085251757781343,-1,0.009473362570521227,1,0.18123827141513166,1,0.19038592202960286,1,0.010540252735533273,1,0.02186173267849567,1,0.15308505925688126,1,0.20396026331185363,1,0.24012543054290758,1,0.2401911996422978,1,0.25871008093570086,1,0.2452616899339381,1,0.1496847653024288,1
191,2024-06-30,70086.93,55492.445,0.31428573,0.0,0.0,0.71428573,23.02,4.062298,17.117975,9.903987,51.82143,34.660923,0.31428573,64.6177,1012.8708,1004.21136,16.073572,5.540299,16.400133,0.10785758600009215,1,0.010553715606012481,1,0.0125184928874853,1,0.14803697092103169,1,0.0,1,0.29695101169835014,1,0.004551386641424404,1,0.001700502899563916,1,-0.002606988521482112,-1,0.11674545054690721,1,0.20314201260631248,1,0.11554277137815372,1,0.07940881957714574,1,0.13307993246155636,1,0.23295032709660551,1,0.2550117234346899,1,0.2365747810721463,1,0.26783120339338556,1,0.22628825874687075,1,0.11400229636288794,1
192,2024-07-07,69188.74,25137.002,1.6142857,0.0,0.0,6.142857,12.832856,2.4926593,14.348928,9.127202,84.85714,53.34417,1.6142857,72.403725,1022.056,1013.23517,19.262144,8.1210165,12.973261,0.10869010402624718,1,0.017907713156312788,1,0.17095005294955606,1,0.15023647703138504,1,0.0,1,0.29695101169835014,1,0.10341572826227496,1,0.13995114542370524,1,0.15447007404502922,1,0.20171721968766582,1,0.19392297987125207,1,0.203232880968786,1,0.07012066080497636,1,0.16825090939401888,1,0.22781509854775367,1,0.1911882376446245,1,0.16649745789302217,1,0.1948044547911177,1,0.2435367197512449,1,0.1920319774893982,1
193,2024-07-14,67816.76,30063.049,6.6142855,0.0,0.0,11.142858,13.187142,2.2208257,13.828392,10.38375,86.39286,69.66189,6.6142855,81.12455,1009.1191,1000.3944,13.733571,4.9186015,13.2575445,0.10640682396639634,1,0.018330195436124908,1,0.16637373249033272,1,0.07169360763049804,1,0.0,1,0.29695101169835014,1,0.06550789576849936,1,0.10598217999814052,1,0.12440343800530484,1,0.2101351838594973,1,0.17671111323306637,1,0.20824852824198498,1,0.0690178774183301,1,0.07593349385190673,1,0.24858313948257477,1,0.2656408372357663,1,0.2579508627742688,1,0.25276776595202133,1,0.19329324864122194,1,0.18597463911795653,1
194,2024-07-21,66051.04,38594.355,4.1857142,0.0,0.0,8.142858,17.024286,2.6914475,13.334345,9.910237,58.75,69.9547,4.1857142,81.246635,1015.57916,1006.7828,13.900713,4.968796,12.682628,0.10698539404455515,1,0.0222658871423701,1,0.1372102983855365,1,0.12694668479258747,1,0.0,1,0.29695101169835014,1,0.11276562957023029,1,0.0810881848252496,1,0.13451632867789026,1,0.21525811996935407,1,0.20383051796831242,1,0.12314485900664218,1,0.07395607358838996,1,0.1211692187940378,1,0.24516322776216404,1,0.24282271959870272,1,0.23381990135977615,1,0.26036218710075587,1,0.19963043165518357,1,0.1919595771229075,1
195,2024-07-28,64010.99,39406.312,3.5285714,0.0,0.0,5.142857,16.745714,2.8488781,15.920655,12.084642,73.14286,59.947998,3.5285714,79.129524,1013.5256,1004.82556,16.024286,6.2100334,15.739143,0.10412571299397771,1,0.0307881445642344,1,0.12644117013480527,1,0.12165019182534165,1,0.0,1,0.29695101169835014,1,0.12530449430030416,1,0.09851281058500683,1,0.10192642449631051,1,0.18133277083348592,1,0.07809117663245524,1,0.19423392025805952,1,0.08883430248835056,1,0.14350916709747324,1,0.25267911147950955,1,0.24762421423170117,1,0.2451150623882437,1,0.27247327072773836,1,0.24038284240312924,1,0.13629863124108532,1
196,2024-08-04,61833.3,30136.605,3.7571428,0.0,0.0,9.142858,13.634285,2.3352852,13.708155,9.879881,83.60119,65.560905,3.7571428,79.135574,1014.10834,1005.3368,17.635714,7.5239873,12.606202,0.10239162630572657,1,0.03427326745820025,1,0.16645635060153735,1,0.12577429364866416,1,0.0,1,0.29695101169835014,1,0.11755631670208377,1,0.11151906133863898,1,0.10793940907197952,1,0.2074739090677794,1,0.20040983714227995,1,0.21593259493723893,1,0.07606637683734407,1,0.12759559190081493,1,0.2533618668158755,1,0.2428059040567498,1,0.22810012558678194,1,0.23584377423163394,1,0.22864573603269428,1,0.20213592193390362,1
197,2024-08-11,59528.04,13292.653,13.328572,0.0,0.0,14.0,8.411428,1.5595349,13.970655,11.484048,86.47023,76.11703,13.328572,86.3834,1012.35004,1003.60095,14.219999,5.898276,13.67394,0.099147259262864,1,0.039449943396370646,1,0.1669899266614206,1,-0.15571102342679888,-1,0.0,1,0.29695101169835014,1,-0.08849326198817564,-1,0.13988644931778776,1,0.1310809814234758,1,0.21756124217623862,1,0.12123324660089385,1,0.20419489108557493,1,0.07895728526721824,1,-0.175120617018517,-1,0.1891761095830139,1,0.2555730343953747,1,0.2417271387768744,1,0.23941507041950283,1,0.24533195624382337,1,0.19032247152968135,1
198,2024-08-18,57150.05,28464.057,1.9857142,0.0,0.0,5.285714,12.212858,2.0065722,13.069465,9.80488,71.63095,71.10963,1.9857142,81.71672,1016.7428,1007.9284,15.137141,6.2409744,12.1590805,0.09987236374137676,1,0.02939653812090126,1,0.155131148752226,1,0.1720299636460737,1,0.0,1,0.29695101169835014,1,0.13130132062556654,1,0.13680698473936703,1,0.14144395825653078,1,0.2349265305717248,1,0.19249415441548284,1,0.1856849884059072,1,0.07118104798492864,1,0.17556745637359727,1,0.23592553831442942,1,0.1897988219933528,1,0.21908367751972369,1,0.26079518012785874,1,0.2351492068881335,1,0.20136204650908596,1
199,2024-08-25,54769.84,32761.713,5.6857142,0.0,0.0,7.142857,12.041429,1.9761101,11.737916,7.8635116,68.166664,70.07588,5.6857142,78.44651,1011.1786,1002.372,18.912857,8.288037,10.011788,0.10006456486667398,1,0.03654198059952507,1,0.18162124434702992,1,0.06622842859058031,1,0.0,1,0.29695101169835014,1,0.11727316912481678,1,0.1393979535159215,1,0.13977634208337175,1,0.20074164467915062,1,0.17934573110980973,1,0.19640164060153936,1,0.06899622889282475,1,0.07931704468478729,1,0.25001029246381434,1,0.2567780872954145,1,0.25675152855335814,1,0.20505165427445704,1,0.23656917363002705,1,0.18722583206390914,1
200,2024-09-01,52350.105,26209.156,3.385714,0.0,0.0,8.714286,9.745714,1.5624924,11.386429,8.432261,72.375,79.11434,3.385714,83.30965,1007.2387,998.4556,12.552856,5.062644,10.25973,0.10419363178439128,1,0.034661619069922156,1,0.15275903695175724,1,0.13229616884680673,1,0.0,1,0.29695101169835014,1,0.11089070878313478,1,0.1367001637535044,1,0.12977615212719074,1,0.2016456333106637,1,0.18924734308224617,1,0.19441541520038702,1,0.04142628292558437,1,0.13667655235917342,1,0.2438639679871486,1,0.25428549236108733,1,0.2400745930682348,1,0.22927620414788868,1,0.21565898671552441,1,0.18181810175879187,1
201,2024-09-08,49921.41,21301.406,3.7428572,0.0,0.0,9.285714,8.648572,1.3372068,11.558154,8.955178,78.17857,82.31299,3.7428572,84.80715,1009.47906,1000.6821,13.748571,5.8002286,10.453928,0.10142257059849719,1,0.03334771467623754,1,0.15405421310577405,1,0.12871773312488094,1,0.0,1,0.29695101169835014,1,0.1009357500787263,1,0.14184955105867364,1,0.13330557978020863,1,0.19644214781334834,1,0.19786172130234753,1,0.2134179418326561,1,0.040025291475799585,1,0.1324836235851825,1,0.22713222844405156,1,0.2746671188205309,1,0.24924371472066947,1,0.2549437437825309,1,0.2568465633785603,1,0.16947479279534255,1
202,2024-09-15,47517.336,8540.017,8.528571,0.0,0.0,14.285714,4.13,0.7192876,10.092977,8.700416,93.79167,92.259476,8.528571,91.4579,1005.044,996.241,14.920715,7.16037,8.715653,0.10114136366080162,1,0.036071148243547624,1,0.14070499282863846,1,0.021452184326715584,1,0.0,1,0.29695101169835014,1,-0.11381714294442213,-1,0.10444191250332213,1,0.1263998113446908,1,0.20950798274280635,1,0.19021346234582492,1,0.1348304217137718,1,-0.16262262445945952,-1,0.013699024208989052,1,0.026096069080317696,1,0.22979158784240505,1,0.22103954570152884,1,0.25683071794117474,1,0.2599441334877443,1,0.17425673464580482,1
203,2024-09-22,45086.836,22221.348,3.1142857,0.0,0.0,6.142857,7.0971427,1.0488893,7.501309,4.5340476,62.982143,65.91903,3.1142857,82.26619,1004.4494,995.57,16.632856,7.6446157,5.09426,0.10346482568455612,1,0.03940339725021169,1,0.16430507316265486,1,0.11677195099269477,1,0.0,1,0.29695101169835014,1,0.10341572826227496,1,0.14554092927622292,1,0.14637667384684405,1,0.21972989833852918,1,0.15659806846869995,1,0.16916913946357637,1,0.07303567558350754,1,0.1401788095223543,1,0.23863738948067037,1,0.22298435804767075,1,0.2181361130643415,1,0.2515022253345293,1,0.21945791462399505,1,0.20033136774278237,1
204,2024-09-29,42660.94,21055.771,6.8285713,0.0,0.0,9.714286,6.797143,0.89146453,7.056964,4.803691,82.28571,73.336845,6.8285713,86.496445,998.97687,990.132,12.231428,5.602853,5.0087285,0.1065703682456367,1,0.03160109546485035,1,0.15397481665899176,1,0.06551520463731542,1,0.0,1,0.29695101169835014,1,0.08365078470780701,1,0.15428749650677592,1,0.14118478770481863,1,0.23411006292084346,1,0.15049864357825637,1,0.22561811574485907,1,0.049681399489436284,1,0.05378932847598594,1,0.19334988980702839,1,0.20026577855494887,1,0.17329766837168892,1,0.23893417180493787,1,0.23266239189850135,1,0.2110248573377118,1
205,2024-10-06,40254.125,23506.465,0.9142857,0.0,0.0,2.5714285,6.977143,1.0220845,5.755179,0.91410714,68.73809,34.687603,0.9142857,72.25031,1001.2923,992.3854,14.247857,6.5571356,2.8474884,0.10597913093412609,1,0.03614645141940642,1,0.18397514316901564,1,0.1270133264453438,1,0.0,1,0.29695101169835014,1,0.11702275159828368,1,0.14939648152259688,1,0.15420381160218832,1,0.18821135782022674,1,0.18107341098350155,1,0.18566414290897,1,0.0802946937252299,1,0.15569415092011685,1,0.2307442378935438,1,0.22182299211968454,1,0.21471119212610407,1,0.24206162736490883,1,0.25410386717786343,1,0.16960194470039808,1
206,2024-10-13,37816.31,19471.803,1.6142856,0.0,0.14999999,5.142857,5.074286,0.5747947,3.330179,1.1179763,81.184525,19.73724,1.8285713,85.98283,996.8607,987.9165,12.218572,5.8017297,0.5543973,0.10663965961482791,1,0.036935346583946815,1,0.16916793827873533,1,0.15023647703138504,1,0.0,1,0.1440596012541292,1,0.12530449430030416,1,0.0999903229465352,1,0.14309481329174312,1,0.19023039783691104,1,0.17729508814983352,1,0.19844668396634263,1,0.03757674729453342,1,0.16287248202741078,1,0.1878221104754063,1,0.20874868398928476,1,0.19715847516949309,1,0.23875576137761384,1,0.25703811185293757,1,0.17737403965012433,1
207,2024-10-20,35395.973,29352.48,0.11428572,0.0,0.0,0.42857143,6.16,0.5643348,-1.6507738,-5.6495833,34.386906,2.3581684,0.11428572,74.78406,1008.7916,999.57355,14.644286,7.703486,-5.560417,0.10660103342269289,1,0.03605332721264243,1,0.15933330640094723,1,0.16617185496987352,1,0.0,1,0.29695101169835014,1,0.02241043972299983,1,0.12056491758931931,1,0.15361785783611986,1,0.23763292069080455,1,0.21146028899586328,1,0.05288649771724929,1,0.1205691464400972,1,0.10203303853926682,1,0.22851917016798923,1,0.25845539306950366,1,0.24089784796401054,1,0.2479532892300263,1,0.22344392809125224,1,0.21193464733388112,1
208,2024-10-27,33002.41,16625.031,1.7285713,0.0,0.51000005,4.142857,3.4757142,0.4027784,-0.8710119,-4.307619,61.05952,4.001828,2.4571426,78.309395,1011.0804,1001.86914,15.96,7.567673,-4.634464,0.10885168780830601,1,0.04537207871558269,1,0.1853960590609332,1,0.1453214756323981,1,0.0,1,0.15236619052578726,1,0.13349680267878977,1,0.16086392590788184,1,0.13289374563066264,1,0.23380730075332018,1,0.18370654095431943,1,0.17360028137073624,1,0.10480690343814297,1,0.16056684634269064,1,0.24557420418351422,1,0.2612015225423983,1,0.25369311510898535,1,0.27189849758400414,1,0.22890767770496157,1,0.21960161213218676,1
209,2024-11-03,30600.768,7530.917,0.028571429,0.0,3.36,9.285714,2.077143,0.29817525,-1.8025595,-4.7900596,88.60119,2.4523811,4.828572,80.84168,999.0,989.8681,16.330713,8.142116,-5.72754,0.10761601089915912,1,0.03852021897524305,1,0.14721177505715644,1,0.20356685728101503,1,0.0,1,0.025274143780136038,1,0.1009357500787263,1,0.14090011932078073,1,0.1604194720660052,1,0.22307322863450357,1,0.2166079904122294,1,0.1937887174957344,1,0.1307769902630314,1,0.11971787006141665,1,0.24966127256420806,1,0.20023734959106465,1,0.18397445875293295,1,0.2576735750055818,1,0.24216756525761335,1,0.20414787082544927,1
210,2024-11-10,28278.275,8945.778,0.10000001,0.0,1.5199999,5.142857,1.662857,0.36685067,-0.32101196,-3.96625,85.20833,1.4892857,2.2714286,77.52462,994.13995,985.1011,16.41857,8.328422,-4.1850405,0.11096083679711083,1,0.02942650038649708,1,0.16590473956824975,1,0.1635006304965545,1,0.0,1,0.1361901220396251,1,0.12530449430030416,1,0.1486943715941596,1,0.11850202761923329,1,0.2259314339168889,1,0.1725888494356692,1,0.19753355126381428,1,0.1277563302840808,1,0.1599282249310926,1,0.2443588821459956,1,0.129468304897721,1,0.12195946039445582,1,0.25824940119104584,1,0.22774141262353703,1,0.20642713628790804,1
211,2024-11-17,26061.693,8416.372,0.014285713,0.0,1.01,7.285714,1.3728571,0.18679164,-7.6007743,-10.8867855,72.559525,0.0,1.4571428,78.02308,996.9898,987.6771,15.730714,7.84552,-12.038089,0.11298997055776872,1,0.019572787396110347,1,0.13667415209028633,1,0.23329705852779392,1,0.0,1,0.16185678991559682,1,0.11840512221680344,1,0.1385231132602457,1,0.18171071979467546,1,0.22001245038481293,1,0.17756346337872503,1,0.19181377671763045,1,0.17192137499684745,1,0.1750921746894053,1,0.2541413465118547,1,0.21308958122971539,1,0.202851370381056,1,0.26161323075472753,1,0.2186614145548889,1,0.2149523577413383,1
212,2024-11-24,23962.344,12326.845,0.0,0.0,0.0,0.0,1.4342858,0.10682219,-11.919524,-15.926369,51.291664,0.0,0.0,72.39657,1022.67804,1012.9683,12.794999,5.8880677,-16.391232,0.11256004179857287,1,0.020925684730654925,1,0.1620574395448851,1,0.24017385355456333,1,0.0,1,0.29695101169835014,1,0.04672630959675239,1,0.13983306704646536,1,0.1685950465260203,1,0.14743119690229167,1,0.11101480373905381,1,0.12106151678066335,1,0.17192137499684745,1,0.12865781305324342,1,0.22851958749424933,1,0.1538571259892657,1,0.1690270061983281,1,0.22750586511687637,1,0.24577080881842456,1,0.13976756917565425,1
213,2024-12-01,22131.842,5588.179,0.042857144,0.0,0.90999997,2.4285715,0.8371429,0.08274181,-11.02369,-13.81595,52.92857,1.4845239,1.3428572,80.39275,1017.70355,1008.0699,14.712855,7.3281045,-15.461951,0.11061132262619444,1,0.015640934064507173,1,0.12183499171573042,1,0.17592855591024953,1,0.0,1,0.1568990497986691,1,0.07646618044775644,1,0.15481631681332736,1,0.15020585412627735,1,0.15197308980072155,1,0.11793335675926298,1,0.11202557226230203,1,0.13357633638782873,1,0.1647622312378434,1,0.25109327453861485,1,0.18812143364800027,1,0.2130099424379404,1,0.2552289132335236,1,0.23936998162892276,1,0.17138063586253444,1
214,2024-12-08,20653.768,3150.654,0.4857143,0.0,0.38000003,3.7142856,0.4642857,0.13055526,-2.8341072,-5.520119,83.88691,0.4892857,1.0142858,82.21437,998.194,989.0329,16.399284,8.253946,-6.812786,0.1058894680702197,1,0.02654451863221441,1,0.14936961323488562,1,0.14932946213457254,1,0.0,1,0.14778223490731668,1,0.11679795741761817,1,0.13705456083059225,1,0.18002743536241972,1,0.18220085830238597,1,0.21588099128775845,1,0.21141095846856128,1,0.1404376831380058,1,0.12190240229652555,1,0.24022776681772767,1,0.19999092868689394,1,0.21010594376126807,1,0.258463714771441,1,0.2505681656885166,1,0.1820422749191576,1
215,2024-12-15,19601.686,1283.7942,0.6,0.0,0.69,6.714286,0.32428572,0.11894315,-1.2427379,-3.8210118,90.690475,1.9799358,1.5857142,83.14321,1001.1703,992.036,12.317142,5.805758,-4.700268,0.1057588283050756,1,0.015019665969422835,1,0.08799710507489023,1,0.17273432395687505,1,0.0,1,0.1336812973284669,1,0.06063741345882068,1,0.047514518742735046,1,0.18856477608099947,1,0.22224744628743337,1,0.1758294178193361,1,0.14976731035732604,1,0.1316687940064028,1,0.1658922676465021,1,0.24443362644379396,1,0.22923366283821078,1,0.20469787237064552,1,0.23680546350871667,1,0.254605136875806,1,0.2203390101308868,1
216,2024-12-22,19124.97,2011.9525,0.3428571,0.0,0.40999994,3.0,0.40142855,0.1416523,-6.566548,-9.571906,86.809525,0.4940476,0.9285714,79.56511,1000.92737,991.61444,18.818571,9.137288,-11.0988865,0.10188074590906487,1,0.0022063619104271126,1,0.11686943845954478,1,0.16592398777759654,1,0.0,1,0.18906572021193424,1,0.10768934646162126,1,0.13301195997097004,1,0.18897759139825976,1,0.21363562375053685,1,0.19505745066537566,1,0.2123296614894768,1,0.12812008510101297,1,0.147342059850691,1,0.2301124659576852,1,0.20595126556751564,1,0.19396181913367277,1,0.2319160518896508,1,0.19423732693397422,1,0.19417345243314588,1
217,2024-12-29,19285.215,3239.3406,0.02857143,0.0,0.25,1.5714285,0.40285712,0.06094924,-4.5942264,-6.8332148,74.46429,0.0,0.35714287,84.627625,985.96136,976.8536,12.379286,6.291286,-8.459098,0.09877768191911357,1,0.0025722012344809864,1,0.13504926375314974,1,0.20356685728101503,1,0.0,1,0.15689897796799246,1,0.06284586682128201,1,0.13335475642289746,1,0.10179250968382925,1,0.21041852225734414,1,0.18729387119347507,1,0.20369711026789772,1,0.17192137499684745,1,0.15946605052237545,1,0.2172471296748245,1,-0.005003097001918477,-1,-0.01074206176389425,-1,0.22891374553714583,1,0.23270135791577518,1,0.19072450059405655,1
218,2025-01-05,20029.518,7917.806,0.0,0.0,0.01,0.14285715,0.73142856,0.17766573,-13.205238,-17.802559,24.440475,0.0,0.014285714,68.72161,1015.59045,1005.9018,20.794285,10.6870575,-18.47404,0.10094430660295767,1,0.02435178800548743,1,0.1461322635168908,1,0.24017385355456333,1,0.0,1,0.13547573124848034,1,0.041857234450394576,1,0.15346671398385375,1,0.19417239751751098,1,0.14104176900008758,1,0.1259956399653852,1,-0.032791301381270954,-1,0.17192137499684745,1,0.10230029775110572,1,0.19547754312664195,1,0.24041233753371594,1,0.24217770671473837,1,0.1223166401049578,1,0.11950499657590774,1,0.11063960941652251,1
219,2025-01-12,21276.904,2283.341,5.600001,0.0,1.6700001,11.285714,0.4114286,0.21126056,0.028988054,-2.601667,92.1131,7.5796084,7.9857144,83.130714,996.4131,987.3651,22.744284,10.669462,-3.9850543,0.09918303816453578,1,0.01871424385248055,1,0.1534345321315106,1,0.05329631994246964,1,0.0,1,0.12488753056597546,1,0.05385896048204586,1,0.12952620822023841,1,0.1684514479829316,1,0.20665869013226978,1,0.1771358720291354,1,0.19390533858439774,1,0.055781644012243614,1,0.0016915837435593772,1,0.24440349561463864,1,0.18874599477107412,1,0.18211434819405936,1,0.027644050278011645,1,0.12188115570834324,1,0.21560043521822075,1
220,2025-01-19,22973.234,4299.6416,0.61428565,0.0,1.8999999,4.571429,0.7242857,0.22049297,-2.3906548,-6.111786,91.577385,2.5738099,3.3285716,76.69713,1013.11005,1003.828,16.870716,7.975852,-6.4233904,0.09968037595451684,1,0.021673364860398947,1,0.15240276758693094,1,0.1741834549430128,1,0.0,1,0.08362263584364504,1,0.1023958403762869,1,0.15719114958527763,1,0.16650673441534009,1,0.21381937213821745,1,0.1967794713528926,1,0.1750343152858892,1,0.11866143674023477,1,0.1374234289133625,1,0.23152482530043678,1,0.24540314440582944,1,0.2443710944251734,1,0.24785493242290885,1,0.2006726092831584,1,0.19123574047514286,1
221,2025-01-26,24960.479,1499.4948,4.1857142,0.0,0.9500001,12.0,0.5285714,0.2319494,1.2248214,-1.3921429,96.53571,3.2424073,5.542857,83.63458,1014.87024,1005.6953,18.557142,8.811807,-2.3637354,0.0988697043037765,1,0.016288616155407665,1,0.10716846675646974,1,0.12694668479258747,1,0.0,1,0.15668057392026735,1,0.02043723564926625,1,0.1563158001324524,1,0.17046017111505218,1,0.2289482313867846,1,0.182821633223896,1,0.015563409892402902,1,0.1211165398074387,1,0.08406743979024511,1,0.23988090222887481,1,0.24360392417798,1,0.23072426344242358,1,0.22424619349227404,1,0.2093284981943201,1,0.22282090616204792,1
222,2025-02-02,27115.402,15701.173,0.35714287,0.0,0.25,1.8571428,2.0728571,0.36015883,-12.621904,-19.288273,49.785713,0.49523807,0.7142857,59.02253,1021.82324,1012.088,25.08,11.245721,-17.916967,0.10084061380898313,1,0.029413560915754422,1,0.1795066851225101,1,0.1669163843724773,1,0.0,1,0.15689897796799246,1,0.06160712305115634,1,0.1436460984645827,1,0.11848681388920351,1,0.13248201232545842,1,0.048352928476274926,1,0.10822071816946766,1,0.11105389713927905,1,0.16068193844782808,1,0.14181294102850395,1,0.19325747773635726,1,0.18641785351170542,1,0.01849330331940624,1,0.007204413616305416,1,0.13685676067639896,1
223,2025-02-09,29441.73,22360.486,0.0,0.0,0.0,0.0,3.232857,0.16981764,-11.378453,-16.013273,40.70238,0.0,0.0,69.087776,1029.0178,1019.26904,7.005,3.01146,-15.452789,0.0977628134460845,1,0.02743942260897625,1,0.16154221522080325,1,0.24017385355456333,1,0.0,1,0.29695101169835014,1,0.04672630959675239,1,0.13412516765948346,1,0.1880453634984453,1,0.15845038045504445,1,0.10292533923668745,1,0.09824404231116768,1,0.17192137499684745,1,0.12865781305324342,1,0.20049548581877047,1,-0.019882275118389692,-1,-0.016134547553446565,-1,-0.09213683742531475,-1,-0.11092266521354233,-1,0.16978820009266532,1
224,2025-02-16,31836.373,18589.041,0.0,0.0,0.11,1.0,3.472857,0.30449316,-8.547204,-14.326071,49.232143,0.0,0.15714286,64.858925,1014.38275,1004.87335,12.096428,5.9100027,-12.907828,0.09418343639692206,1,0.045021706160228214,1,0.16248351786305604,1,0.24017385355456333,1,0.0,1,0.14981516868850586,1,0.04540305497720265,1,0.1612891777790036,1,0.150353048136054,1,0.20536516563672286,1,0.11939186673895874,1,0.1236236360754529,1,0.17192137499684745,1,0.09555415248498744,1,0.22456373864056484,1,0.23227707180447466,1,0.23892474740485592,1,0.2274172073293208,1,0.2389145172604969,1,0.2011952781737642,1
225,2025-02-23,34244.867,11802.155,0.014285714,0.0,0.05,0.85714287,3.337143,0.4106005,-1.3885714,-4.9909525,90.15476,0.0,0.08571429,77.29383,996.6934,987.5965,13.1378565,6.5103374,-5.113809,0.09577819824063438,1,0.036091708705983216,1,0.1440694478292031,1,0.23329705852779392,1,0.0,1,0.1579541406495949,1,0.04354578917086238,1,0.15539086525032003,1,0.13979051227549932,1,0.22466491024697566,1,0.21164091300055016,1,0.18452794587350113,1,0.17192137499684745,1,0.10872406899040082,1,0.24061929351829664,1,0.20522578164877325,1,0.2116860680832099,1,0.2219776320414779,1,0.25956127592232475,1,0.21678475431368444,1
226,2025-03-02,36711.19,19767.725,0.07142856,0.0,0.21000002,1.4285715,4.7242856,0.5494677,-0.34541664,-4.627857,78.70833,3.037876,0.35714287,74.38448,996.5952,987.5334,12.167143,5.6520195,-3.9004197,0.09193958670549185,1,0.03130954119750029,1,0.1658758170947624,1,0.15685487175979063,1,0.0,1,0.1684756913440686,1,0.09801376049730048,1,0.1074018066628113,1,0.14537844054926502,1,0.22568924874520208,1,0.1982699701027723,1,0.22242857862895854,1,0.13359381760615247,1,0.15946605052237545,1,0.2264842402275392,1,0.19965179497271712,1,0.21278578200478226,1,0.2331974826948366,1,0.23939404364732952,1,0.216669542287042,1
227,2025-03-09,39171.758,20591.094,0.14285715,0.0,0.7700001,2.857143,6.0214286,0.78088266,0.8804763,-4.92756,71.22619,6.4946947,1.242857,66.93431,1002.0077,992.93695,13.549286,6.199418,-2.7658036,0.09425521352418542,1,0.039000089602168275,1,0.13999033357962637,1,0.1676190204524079,1,0.0,1,0.1481641269454942,1,0.08329437041531379,1,0.1213352905721945,1,0.13527276304260927,1,0.2090643125309466,1,0.2136338929979258,1,0.18415710861103318,1,0.05100802395002346,1,0.15984582100066652,1,0.19699995992829372,1,0.21902585048356626,1,0.19387113081054774,1,0.25359697210176635,1,0.23952631984155037,1,0.20366594334247246,1
228,2025-03-16,41616.49,25733.854,0.0,0.0,1.7800001,7.714286,7.5042853,0.76637995,-1.6617857,-6.4760714,78.172615,2.0842106,2.542857,71.38298,997.4018,988.2886,12.03,5.052961,-5.325261,0.09304603994862148,1,0.029223967171563614,1,0.16867300118076944,1,0.24017385355456333,1,0.0,1,0.07698823059822402,1,0.09844921667828893,1,0.15217622836041717,1,0.13121584936249453,1,0.23621875388275831,1,0.18608247056347588,1,0.2132119434925422,1,0.12196833635283394,1,0.15672165617319733,1,0.21018168899182693,1,0.216938527299758,1,0.20009785156583437,1,0.20934420624402317,1,0.2104274502890739,1,0.21576946415127757,1
229,2025-03-23,44090.785,29981.379,0.085714296,0.0,2.7199998,5.142857,9.54,1.0148702,-1.4698216,-6.8486905,64.23809,6.470811,3.9714284,69.50745,996.6274,987.52637,13.759286,5.8401475,-5.2778487,0.08777077896397834,1,0.03534809294796726,1,0.15617508285597653,1,0.16514569012673563,1,0.0,1,-0.010502112068221603,-1,0.12530449430030416,1,0.13947075592869784,1,0.14907159154443855,1,0.224775911423924,1,0.18646568595509572,1,0.1972101897789615,1,0.05142899296520054,1,0.1294244236167429,1,0.22794864240873197,1,0.2057186561184145,1,0.21192063374394543,1,0.2544398316845091,1,0.2510458755271777,1,0.2132606856677437,1
230,2025-03-30,46545.395,39186.445,0.08571429,0.0,0.01,0.2857143,12.571428,1.5887461,1.5905954,-5.5031543,55.94048,9.810022,0.10000001,62.34235,1011.48926,1002.3554,18.771427,8.719451,-2.5013003,0.08835527181713687,1,0.037259854006181925,1,0.12730312103696162,1,0.16514569012673563,1,0.0,1,0.13547573124848034,1,0.009267527837950373,1,0.1338209808426064,1,0.13476947999598715,1,0.21182279320538216,1,0.21636029640336285,1,0.06774492495048423,1,0.053732106150577996,1,0.11780570848710448,1,0.17025365236660173,1,0.2701953420089089,1,0.25524795839904846,1,0.23003098604752859,1,0.1980840953766526,1,0.20604590168987075,1
231,2025-04-06,48992.973,28717.309,0.21428572,0.0,0.0,1.4285715,11.045714,1.5372515,4.855774,-1.4305357,78.00596,19.352757,0.21428572,66.135315,1009.4643,1000.4551,13.424998,5.6638455,1.7165177,0.08867091887227463,1,0.027292077306428575,1,0.16299527020894478,1,0.14910365757031074,1,0.0,1,0.29695101169835014,1,0.09801376049730048,1,0.11127363934352341,1,0.12487558759263828,1,0.18341263112000833,1,0.18965274877022287,1,0.20651539821127307,1,0.042395016073698444,1,0.10647166643800043,1,0.18959944779025395,1,0.27488060512625956,1,0.25387353866260814,1,0.23549894091862028,1,0.23716109588258716,1,0.1495459529090053,1
232,2025-04-13,51464.605,17637.004,0.21428572,0.0,3.55,10.857142,11.251429,1.2643139,-0.281131,-4.695119,89.916664,9.112631,5.285714,74.73588,1001.38983,992.28564,16.999285,6.7766833,-3.9877295,0.0857909158450415,1,0.034234181237250194,1,0.17986272102393436,1,0.14910365757031074,1,0.0,1,-0.002188593472295275,-1,0.024590390216741587,1,0.1287626674170142,1,0.10449436350991048,1,0.22446441374878162,1,0.20505826813763056,1,0.19248120557652038,1,0.06940368785137496,1,0.103005792428153,1,0.2312727816132812,1,0.21864488157106832,1,0.22375542626084688,1,0.24337564611698115,1,0.2511750622122351,1,0.21540031480393718,1
233,2025-04-20,53906.023,23832.465,2.3857143,0.0,0.35999998,9.0,11.437142,1.591607,3.8536904,-1.4582142,87.75596,19.68709,2.9,70.959656,1008.328,999.2974,18.717855,7.692464,0.4307104,0.08353883103140369,1,0.03526515573688638,1,0.17668557295567372,1,0.11757626078995143,1,0.0,1,0.15316493496947992,1,0.11564203279473351,1,0.12139406072691017,1,0.13706967233188994,1,0.1761941949683703,1,0.18937716401235644,1,0.2091281707874123,1,0.041434698007760784,1,0.15817378908806712,1,0.2048533900960861,1,0.26129732337424316,1,0.2509151898163117,1,0.22390362523345608,1,0.22645376681961354,1,0.16557079700545163,1
234,2025-04-27,56337.16,25547.809,1.2142857,0.0,0.22000001,5.428571,12.612857,1.7766498,5.5355353,-0.095119014,89.79167,23.834734,1.5285715,70.35093,1010.9381,1001.9383,14.102142,5.485962,2.628305,0.07915051056856903,1,0.029704118077731434,1,0.1649311294861704,1,0.1508110158319627,1,0.0,1,0.1599660906210013,1,0.11697492312454189,1,0.14178616533511867,1,0.0857339587547784,1,0.1863241145384711,1,0.14561218023272904,1,0.18689133615172165,1,0.031779051662154,1,0.18824614236204362,1,0.21940427168941878,1,0.24989333416602427,1,0.2515579198113319,1,0.24651869077591632,1,0.23383531464331814,1,0.1710662247331204,1
235,2025-05-04,58761.96,23604.996,1.9714286,0.0,0.07,8.0,11.715714,1.6131599,5.684643,1.6016072,85.8512,33.714645,2.0714285,77.39016,1000.9804,992.07404,15.3621435,5.8908815,2.993924,0.07592043347732147,1,0.03351732941260577,1,0.17884595369700823,1,0.16623122850509087,1,0.0,1,0.16439968037443886,1,0.11985126530861984,1,0.13211189451293626,1,0.12200626285689403,1,0.18924159745616148,1,0.1728927286921747,1,0.2015770209793214,1,0.0730418006677579,1,0.15529858959318155,1,0.24634906895362035,1,0.21117966888860645,1,0.2066826955770939,1,0.2570950206853983,1,0.24555653413771455,1,0.15888341472501244,1
236,2025-05-11,61100.1,38102.996,1.7857143,0.0,0.0,6.428571,17.9,2.5778883,7.121845,0.81023806,66.53571,26.958662,1.7857143,67.79438,1008.33984,999.4131,18.801428,7.3622274,4.150004,0.07480527503504686,1,0.034859109438812985,1,0.14604561393064608,1,0.1539141966267744,1,0.0,1,0.29695101169835014,1,0.0951095420983959,1,0.1235462777443429,1,0.12658155981564312,1,0.23604797818306877,1,0.17830982721413208,1,0.19379617120576315,1,0.018289495559214997,1,0.17829526576270477,1,0.19116747046283938,1,0.2612230114687649,1,0.25354778191920657,1,0.230443676775047,1,0.22751114542462103,1,0.17504563685199653,1
237,2025-05-18,63353.914,25747.447,2.1285713,0.0,0.0,5.285714,13.841429,2.1810358,8.538511,2.8135116,91.8869,50.001488,2.1285713,70.70383,1007.8464,998.96924,15.760714,6.024997,6.061248,0.0704386662429346,1,0.03191418110742572,1,0.16867300118076944,1,0.1497481267096472,1,0.0,1,0.29695101169835014,1,0.13130132062556654,1,0.12001054013924861,1,0.12822482483483538,1,0.2038259333708481,1,0.15416749692064324,1,0.19080257628443975,1,0.048146699468679555,1,0.1403766753762845,1,0.21411844887522163,1,0.24404214721483114,1,0.24678268788801738,1,0.2601451546438674,1,0.2355185065497855,1,0.19457967908914853,1
238,2025-05-25,65473.617,43019.26,2.0571427,0.0,0.0,4.857143,17.975714,2.6615808,9.500417,4.0161905,78.43452,56.39648,2.0571427,71.72562,1008.9791,1000.12164,16.474285,6.060946,7.280903,0.07235707745090536,1,0.010323154165031823,1,0.13552492758547952,1,0.1596575429553969,1,0.0,1,0.29695101169835014,1,0.12278783872498616,1,0.13898115618742973,1,0.13433367122664946,1,0.20373991157912447,1,0.17373711827691263,1,0.21983569794268792,1,0.0744953627458399,1,0.16398488159209523,1,0.21201684007531307,1,0.26531478813259757,1,0.2519239276231604,1,0.2571388014198092,1,0.22444862302057456,1,0.16489765248358346,1
239,2025-06-01,67322.76,34025.65,2.742857,0.0,0.06,6.142857,17.342857,2.653619,8.934345,3.225119,80.29167,48.07183,2.8285713,70.8037,1002.08154,993.26697,17.609999,6.762464,6.465729,0.07198031705638908,1,0.017085881578431827,1,0.1409568165912966,1,0.10517393523055063,1,0.0,1,0.17104716491802313,1,0.10341572826227496,1,0.1069967478085827,1,0.13086879600277795,1,0.1883388325307882,1,0.16982488971844167,1,0.19275520841976218,1,0.07349827855276425,1,0.15336932376920964,1,0.21021974458826492,1,0.2166661009304625,1,0.20277663659142153,1,0.23538198072518995,1,0.24857513102838158,1,0.17296182272166477,1
240,2025-06-08,68836.695,16653.51,4.157143,0.0,0.0,11.285714,12.098572,1.8540782,7.82869,3.9626193,89.74404,59.58502,4.157143,78.90678,1010.0286,1001.11035,17.414999,7.5179305,5.345982,0.07232978706803461,1,0.016961506654936453,1,0.18654267370505107,1,0.12037735140971473,1,0.0,1,0.29695101169835014,1,0.05385896048204586,1,0.13847497084376964,1,0.10204130899721875,1,0.20178292701465556,1,0.17721520015321363,1,0.18359326782232294,1,0.09719408178864897,1,0.131873247716165,1,0.2463029646067672,1,0.24713531888826507,1,0.22763518117439935,1,0.22456637714778033,1,0.2288328670000243,1,0.1951622160166745,1
241,2025-06-15,69898.805,54024.16,1.5142854,0.0,0.0,3.857143,23.945713,3.5916939,11.3593445,5.898631,43.767857,48.248253,1.5142854,72.06466,1019.2304,1010.33966,14.727857,5.3795805,9.723634,0.0703596460316398,1,0.002462492747643763,1,0.03304391105139415,1,0.14690583809312474,1,0.0,1,0.29695101169835014,1,0.11615756890788359,1,0.009347391941775918,1,0.03825227541495846,1,0.2024568412112534,1,0.15855762702154774,1,0.11582952203957297,1,0.07195788460875485,1,0.1808945185872436,1,0.223379904825594,1,0.19602344183881876,1,0.20295888787306499,1,0.2562501582826936,1,0.22524689816540583,1,0.18185043443474902,1
242,2025-06-22,70360.25,53139.77,0.35714287,0.0,0.0,0.14285715,21.985714,3.680071,14.9980345,9.026309,45.886906,47.14063,0.35714287,69.472374,1015.67145,1006.92413,15.250714,5.626971,14.045333,0.07331462269423061,1,0.002972112269033489,1,0.015087845370016617,1,0.1669163843724773,1,0.0,1,0.29695101169835014,1,0.041857234450394576,1,0.005493424050314388,1,0.018617119917967884,1,0.2183691531578738,1,0.20061781465479517,1,0.13182981514689474,1,0.06365203461644131,1,0.15946605052237545,1,0.22329208028701097,1,0.23876399574696294,1,0.23850006005350682,1,0.24900729862287052,1,0.249626705018693,1,0.2062224173478921,1
243,2025-06-29,70175.35,41999.863,1.8857144,0.0,0.0,4.857143,18.122858,2.981984,13.997737,9.475119,87.49404,59.158722,1.8857144,76.050415,1010.11664,1001.3882,15.014998,5.1943917,13.147212,0.06836587711666142,1,0.008948431143614766,1,0.13302707719452855,1,0.14194815943841899,1,0.0,1,0.29695101169835014,1,0.12278783872498616,1,0.14255631211974035,1,0.09267789052447117,1,0.2201792519635954,1,0.18604441529098692,1,0.20398266472636933,1,0.09508809657843897,1,0.1627339778263438,1,0.228482561066283,1,0.24532378682342848,1,0.21776246165503677,1,0.25602672841597385,1,0.22354637334541222,1,0.1952461329098732,1
244,2025-07-06,69394.83,50042.062,1.1571428,0.0,0.0,2.5714285,20.37143,3.6186273,16.2775,9.603392,67.02381,38.211006,1.1571428,66.44663,1013.95953,1005.2661,14.993571,5.508996,15.438263,0.06896198634138406,1,0.01709788609490448,1,0.027560881864983844,1,0.1307504142474329,1,0.0,1,0.29695101169835014,1,0.11702275159828368,1,0.0770345750864393,1,0.03762990936913946,1,0.16476409704362394,1,0.18974814004981633,1,0.1826811904964168,1,0.009353821876453838,1,0.1469734018446877,1,0.19796235867640966,1,0.24424691070498483,1,0.23085190584129694,1,0.2528743542250575,1,0.2277024375919442,1,0.14709723024698707,1
245,2025-07-13,68096.38,37504.395,2.6714287,0.0,0.0,5.0,16.088572,2.8253882,14.997737,10.165894,82.69643,54.773552,2.6714287,74.38289,1009.4982,1000.8053,15.934286,6.1666565,14.185568,0.07026028814530338,1,0.01595200046429912,1,0.1463504903210605,1,0.11737242445032925,1,0.0,1,0.29695101169835014,1,0.10217853136740085,1,0.1381277302736712,1,0.126843914948033,1,0.2183691531578738,1,0.17290817877540576,1,0.22456786691461023,1,0.08321765614774856,1,0.14879449667904227,1,0.2261814353208666,1,0.2748464110103286,1,0.2461989936423617,1,0.26689799556190535,1,0.23830750527028122,1,0.1954957969119721,1
246,2025-07-20,66372.35,32965.79,0.58571434,0.0,0.0,3.2857144,14.668571,2.5533721,14.842084,9.972737,78.76786,55.36197,0.58571434,73.99965,1021.419,1012.61847,13.611428,5.013962,14.139567,0.061256200156182494,1,0.018717568168134968,1,0.17919722784414632,1,0.16836381723447402,1,0.0,1,0.29695101169835014,1,0.10854140963892456,1,0.11891976765087897,1,0.13640885809944459,1,0.20539554042956637,1,0.19891690582251964,1,0.21583802279579067,1,0.09332638131096771,1,0.16096091111939687,1,0.21856757974936852,1,0.17381810876901604,1,0.17375485252915246,1,0.2580117799918606,1,0.1960782413007165,1,0.2061681896567611,1
247,2025-07-27,64391.32,37254.6,2.2142856,0.0,0.0,5.857143,16.105715,2.818002,15.683452,11.012023,70.309525,57.64741,2.2142856,76.09873,1015.9577,1007.22943,13.866427,5.6277857,15.228738,0.06069716352436805,1,0.028182320431811902,1,0.14739978920230495,1,0.14596033015221127,1,0.0,1,0.29695101169835014,1,0.08907972240531847,1,0.14235541959072873,1,0.13313404744437596,1,0.18548041083325761,1,0.14952496438546614,1,0.18726468641879607,1,0.0905138015698253,1,0.1547395432974184,1,0.23240003089951838,1,0.22288033998400486,1,0.2221894137411325,1,0.2510807264006562,1,0.24977412062967846,1,0.14516624312334403,1
248,2025-08-03,62234.18,28635.777,4.728572,0.0,0.0,6.571429,12.914286,2.3107183,16.084644,12.462916,93.28571,64.3218,4.728572,80.92345,1017.87445,1009.14166,12.692143,4.887361,16.178473,0.060944500744352315,1,0.03618107545059279,1,0.16229363436189792,1,0.11907154168852663,1,0.0,1,0.29695101169835014,1,0.09951394332546759,1,0.11823392794350218,1,0.10847156665292557,1,0.18033385003971736,1,0.07514642734280164,1,0.14216078692423761,1,0.06716206891881216,1,0.13037875943299698,1,0.2492762635157892,1,0.2074068339250556,1,0.2032142226711704,1,0.23366788791423526,1,0.17661921929854463,1,0.14294290728289416,1
249,2025-08-10,59929.473,35436.387,2.2571428,0.0,0.0,7.142857,14.914285,2.4987013,15.035239,11.048631,61.601192,64.90297,2.2571428,79.04829,1011.44226,1002.73334,13.450714,5.1651087,14.647336,0.05709826974276622,1,0.034071578454831664,1,0.11868838791581326,1,0.14906587180130865,1,0.0,1,0.29695101169835014,1,0.11727316912481678,1,0.14028793634641118,1,0.16123047126139078,1,0.21424772905544692,1,0.1561305386293555,1,0.16308056790687664,1,0.07305130007459015,1,0.16258960228918407,1,0.24958442860153168,1,0.2682644776402256,1,0.2551267737763437,1,0.2431734033570918,1,0.229905923112263,1,0.14855941325478206,1
250,2025-08-17,57580.137,33598.605,2.5,0.0,0.0,3.142857,13.900001,2.4966958,13.149523,7.779583,72.2381,57.078518,2.5,72.25614,1012.4375,1003.6631,18.884998,8.443514,11.397009,0.056270616328265355,1,0.02702856220361194,1,0.16075769565792303,1,0.12125750446754091,1,0.0,1,0.29695101169835014,1,0.09766257498229558,1,0.1182397487515725,1,0.15965210009295588,1,0.23408858782265085,1,0.17801192358206497,1,0.19547980612732552,1,0.08602864033143065,1,0.15760165884343746,1,0.23077532701462,1,0.2568435671355337,1,0.2430622968977581,1,0.21187429287124393,1,0.22427323676864874,1,0.1943510170877421,1
251,2025-08-24,55195.832,31152.217,0.8000001,0.0,0.0,3.0,12.267142,2.0931153,14.669763,10.464702,73.58333,61.8064,0.8000001,77.56536,1019.0387,1010.25336,13.275,5.105661,14.089148,0.0537631094629023,1,0.030764882530852744,1,0.1322576189232273,1,0.14847966143620944,1,0.0,1,0.29695101169835014,1,0.10768934646162126,1,0.14072514261752245,1,0.134813168624365,1,0.1981077264237709,1,0.16761759248021185,1,0.19502126919939078,1,0.06345337155325836,1,0.16291632704301157,1,0.2444151408026895,1,0.19774437238823622,1,0.20768332288063585,1,0.21517706265184522,1,0.2153150865704982,1,0.2158750048658819,1
252,2025-08-31,52768.117,16729.45,9.057142,0.0,0.0,9.428572,7.8285713,1.4042503,13.142678,9.511726,92.39881,71.03471,9.057142,80.36596,1015.8208,1007.017,16.152857,6.5185304,12.157039,0.0443298750977843,1,0.0373651077592102,1,0.1813507331142224,1,0.061385590367772025,1,0.0,1,0.29695101169835014,1,0.09789903009669804,1,0.11960597996058286,1,0.12392357164783824,1,0.23442967590588792,1,0.19110678075309095,1,0.17762474438574516,1,0.08071414731145155,1,0.055276324365322926,1,0.24719943779974113,1,0.22973699210613835,1,0.23318844522152948,1,0.25418762013903495,1,0.2611784612432065,1,0.20136204650908596,1
253,2025-09-07,50358.523,13765.089,4.871429,0.0,0.0,9.142858,5.9385715,1.0878103,12.981667,10.400118,88.77381,79.8916,4.871429,85.20441,1017.1048,1008.2853,12.261429,4.9515195,12.417097,0.03750506100522155,1,0.030217901153222204,1,0.17556000995392929,1,0.10846150824452216,1,0.0,1,0.29695101169835014,1,0.11755631670208377,1,0.12098824513897466,1,0.12853044512829148,1,0.23038618234505903,1,0.17231877014713542,1,0.19803854229958623,1,0.05102655073166529,1,0.12256142115498625,1,0.21546627907540788,1,0.20392048254153633,1,0.21214288883148297,1,0.23511064420865224,1,0.19925291980632454,1,0.21450793822659936,1
254,2025-09-14,47941.496,16299.022,10.228572,0.0,0.0,13.142858,6.8142858,1.0401622,10.245952,8.163214,88.72619,85.01598,10.228572,88.027016,1003.0244,994.24316,15.741426,7.1709685,8.748066,0.033068151578316995,1,0.03205743556887042,1,0.17216805723377504,1,-0.02584697470683528,-1,0.0,1,0.29695101169835014,1,0.0040695207009256995,1,0.14879591983766266,1,0.15447428859864842,1,0.18940979521445395,1,0.19143128634386164,1,0.1973796421787098,1,0.01340741444460225,1,-0.03702917278820028,-1,0.10608367614998027,1,0.1921838863606521,1,0.2040631237812109,1,0.2611242480605977,1,0.2593322688283098,1,0.17736674321997187,1
255,2025-09-21,45506.746,21332.98,4.6571426,0.0,0.0,5.857143,7.5385714,1.1959931,10.084047,6.9831543,80.73214,77.83941,4.6571426,82.756226,997.51965,988.7814,12.516427,5.4352345,8.543962,0.024772411092181423,1,0.03700770063129022,1,0.15223009497621787,1,0.10838548691278338,1,0.0,1,0.29695101169835014,1,0.08907972240531847,1,0.14953069005212571,1,0.1284293945116486,1,0.21190184177705135,1,0.15882788886640875,1,0.19975921295163634,1,0.0654256689678383,1,0.12955972101095903,1,0.2182505414873286,1,0.2042695278869816,1,0.21905262022248373,1,0.22674777852348504,1,0.23242097530007733,1,0.1667989229132968,1
256,2025-09-28,43098.902,18755.908,3.2714286,0.0,0.4,7.285714,6.29,0.9331061,7.026012,4.199524,81.559525,61.097538,3.8428574,83.86261,994.46014,985.6541,13.097143,5.8523474,4.8368382,0.0174511135516332,1,0.03172818919647813,1,0.16691527520276978,1,0.1354629150339582,1,0.0,1,0.16779131038424672,1,0.11840512221680344,1,0.11902398466054809,1,0.12644189367529934,1,0.2317829592990669,1,0.1727534501894875,1,0.20756537639946943,1,0.06313718236684518,1,0.12710617545022207,1,0.2213214139557858,1,0.14211672705806533,1,0.1494521365972209,1,0.21559175565601146,1,0.24824879407903094,1,0.21990969945571093,1
257,2025-10-05,40674.895,17143.818,4.8857145,0.0,0.0,6.0,5.352857,0.84187365,7.247143,3.805476,80.71429,63.981564,4.8857145,79.977486,1006.2286,997.32587,15.775714,7.0857787,4.776731,0.013940596728709065,1,0.031003083088352756,1,0.18758360314666528,1,0.10549225857356193,1,0.0,1,0.29695101169835014,1,0.08951432393895281,1,0.0930428741092677,1,0.13364296869062148,1,0.23715472429647505,1,0.16979844156240315,1,0.2016018729956643,1,0.05509649654869275,1,0.11884485124713179,1,0.2286164021674949,1,0.23819223678091545,1,0.23965341387282107,1,0.25994716572149046,1,0.25012776803751324,1,0.2095589784983965,1
258,2025-10-12,38238.918,18702.482,2.9428575,0.0,0.0,3.7142856,4.9199996,0.80869687,6.9197617,3.0465477,74.4881,50.383114,2.9428575,77.91209,1014.2833,1005.298,16.572857,7.1930413,4.3188663,0.003780227402010894,1,0.032999469619931276,1,0.16546684456350508,1,0.10720236737452038,1,0.0,1,0.29695101169835014,1,0.11679795741761817,1,0.11437571600595209,1,0.12865326718465186,1,0.22132738231320548,1,0.16742585036090668,1,0.2038769240368276,1,0.03522971740754921,1,0.16136177757282294,1,0.25062391191657063,1,0.23587927232240424,1,0.23176289936298478,1,0.25482200943359595,1,0.252287002469989,1,0.19360247936498381,1
259,2025-10-19,35836.21,15009.849,3.8571432,0.0,0.0,5.571429,3.2614286,0.4787102,4.8349404,2.0575597,83.64881,42.308723,3.8571432,83.62726,999.6154,990.69434,13.435715,6.1203203,2.2142837,-0.008713368333510885,-1,0.035385236784268415,1,0.16992502809308596,1,0.11654419412672301,1,0.0,1,0.29695101169835014,1,0.07778491349886574,1,0.13121066523763808,1,0.132863300425612,1,0.18254261353566886,1,0.14612195980729703,1,0.2172014315849201,1,0.016155246037495297,1,0.1281651264333425,1,0.24018683368871457,1,0.1738906267143584,1,0.17723823366344693,1,0.23938114822621304,1,0.2227433325769153,1,0.16269044598127436,1
260,2025-10-26,33416.402,14695.503,0.5285714,0.0,0.07,2.4285715,3.2342856,0.40451083,1.2819644,-1.5376786,92.63691,3.192863,0.62857145,82.235115,989.6542,980.7086,14.584285,7.155474,-2.0941641,-0.021985192348807026,-1,0.03702089155067445,1,0.1911161946526812,1,0.15041346963095886,1,0.0,1,0.16439968037443886,1,0.07646618044775644,1,0.13495055082148477,1,0.135930973681118,1,0.22130234040336183,1,0.18525659469502903,1,0.16897352820475747,1,0.12961202108474046,1,0.16992468762063395,1,0.23909375756974122,1,0.07008343477261303,1,0.07651082847518409,1,0.24803126557066363,1,0.25859563062591434,1,0.1963040415224349,1
261,2025-11-02,32033.107,12925.683,0.0,0.0,1.19,7.0,2.87,0.29923144,-0.36624995,-2.7766666,97.875,0.0,1.7000002,84.25088,1010.28326,1001.09686,8.49,4.0421534,-3.4714348,-0.05940393633107177,-1,0.04766627011879393,1,0.1602326070770549,1,0.24017385355456333,1,0.0,1,0.1450549110473094,1,0.08623939336573949,1,0.11740254561414087,1,0.15879032780991847,1,0.22105302219190626,1,0.1774003100770788,1,-0.009444709914968596,-1,0.17192137499684745,1,0.1651208611233247,1,0.20676821831345543,1,0.2445771238493027,1,0.22908342623894007,1,-0.005216059910601811,-1,-0.0020320140969066758,-1,0.20070233131726112,1
